foodID,dietID,foodName,logdate,mealNum,servings
281,1,sociis natoque penatibus,2023-04-12 23:48:45,4,20.11
292,2,risus dapibus augue vel,2022-07-10 06:44:15,3,88.09
371,3,massa,2023-04-11 22:51:11,1,23.66
479,4,duis mattis egestas metus aenean fermentum,2022-10-26 05:32:20,1,95.96
972,5,arcu,2022-10-14 00:30:15,5,38.28
537,6,in,2022-06-16 09:31:49,3,35.9
622,7,euismod,2022-07-30 09:18:43,1,54.48
119,8,felis fusce posuere,2022-07-24 15:55:48,4,18.49
367,9,quis,2022-10-30 08:14:21,4,97.96
333,10,faucibus orci luctus,2022-05-11 10:00:45,2,98.03
340,11,mi in porttitor,2023-03-08 09:47:31,2,52.64
444,12,quam a odio in hac,2022-06-29 12:01:17,5,34.79
233,13,quam,2022-11-13 05:25:44,3,49.34
654,14,morbi,2022-11-21 07:56:04,1,41.36
743,15,a odio,2022-07-30 17:10:27,3,88.56
456,16,in faucibus orci,2022-11-12 01:23:55,1,2.21
330,17,platea dictumst aliquam augue,2023-03-01 05:25:01,3,77.91
171,18,vulputate vitae,2022-04-24 12:46:04,5,27.86
812,19,placerat ante,2022-10-15 11:16:07,1,51.48
526,20,platea,2022-09-27 21:03:21,4,9.09
973,21,orci pede venenatis non sodales sed,2022-08-24 15:48:07,2,91.03
184,22,elit proin interdum mauris non,2022-11-17 02:02:01,2,15.16
894,23,ac leo pellentesque ultrices mattis odio,2022-08-30 09:17:58,2,68.91
4,24,adipiscing elit,2023-03-05 10:14:49,1,66.49
667,25,id massa id nisl venenatis,2022-07-23 20:08:14,4,91.76
51,26,erat eros viverra eget congue eget,2023-03-17 23:13:03,3,68.37
364,27,amet eleifend pede,2023-03-24 05:56:12,1,19.98
648,28,nulla quisque arcu libero rutrum,2022-05-04 14:21:49,1,14.83
27,29,sem praesent id massa id nisl,2023-01-22 23:15:59,4,5.12
744,30,sem fusce consequat nulla nisl,2022-09-09 18:29:34,5,57.53
791,31,quam nec dui luctus rutrum nulla,2023-01-15 03:32:50,1,48.74
882,32,lorem id ligula suspendisse ornare,2022-08-02 13:33:01,3,41.08
996,33,purus phasellus in felis donec semper,2022-09-30 02:38:10,1,91.07
286,34,et eros,2022-10-12 09:00:07,3,65.28
999,35,maecenas tristique est et tempus semper,2022-08-18 02:38:12,5,76.73
655,36,leo odio porttitor id consequat in,2023-03-15 10:15:10,3,90.62
922,37,et ultrices posuere cubilia,2022-11-24 21:31:59,3,98.89
590,38,quam,2022-09-21 06:19:53,2,16.84
675,39,pellentesque,2022-09-23 17:03:23,5,21.89
522,40,diam neque vestibulum,2023-03-06 10:47:16,3,51.17
26,41,justo in blandit ultrices enim,2022-07-10 06:41:16,4,94.78
567,42,neque sapien,2022-06-18 22:01:30,4,38.73
923,43,erat,2022-05-04 08:36:41,2,16.41
118,44,eleifend pede,2023-04-08 17:18:05,1,30.02
305,45,in felis donec,2023-03-01 11:42:19,1,42.65
772,46,dapibus nulla suscipit ligula in,2022-05-08 07:29:23,5,57.13
151,47,tortor id nulla ultrices,2023-02-17 22:50:42,1,78.28
427,48,pede justo lacinia eget tincidunt,2022-06-17 02:45:24,2,68.21
760,49,donec diam,2022-09-25 08:48:06,2,41.68
626,50,tellus nisi eu orci mauris lacinia,2022-08-12 08:02:32,1,14.06
819,51,lorem,2022-11-03 22:03:53,1,32.23
191,52,pulvinar lobortis est,2022-12-16 09:08:52,5,57.97
523,53,augue vel accumsan tellus,2022-10-20 11:30:32,5,77.55
667,54,id massa id nisl venenatis,2022-04-21 14:46:50,2,74.46
823,55,est,2022-07-31 12:54:37,1,92.03
811,56,quisque erat eros viverra eget,2023-04-07 08:59:33,5,48.84
754,57,elementum,2022-07-01 06:40:36,5,44.63
124,58,suspendisse potenti,2022-12-26 03:40:54,3,10.23
763,59,pede posuere nonummy,2023-02-02 02:13:52,5,69.33
836,60,lorem vitae mattis nibh ligula nec,2023-03-04 20:42:21,5,51.31
522,61,diam neque vestibulum,2022-08-01 12:08:14,4,53.32
383,62,interdum eu tincidunt in leo maecenas,2023-03-05 00:34:03,3,41.4
762,63,quam a odio in,2023-01-18 04:23:47,3,95.57
279,64,non mattis pulvinar,2022-12-19 23:08:19,4,64.22
697,65,orci luctus et,2023-04-15 04:07:22,3,34.28
788,66,vel nulla eget eros elementum pellentesque,2022-10-17 04:10:19,5,19.07
362,67,sed interdum venenatis turpis enim blandit,2023-02-14 11:34:50,1,49.0
961,68,ac lobortis vel dapibus at,2022-06-23 14:15:19,2,4.42
614,69,rhoncus dui vel sem,2022-04-30 21:03:21,3,98.1
392,70,molestie lorem quisque ut erat curabitur,2022-06-14 19:33:21,1,6.5
646,71,libero,2023-03-24 11:40:24,4,63.7
829,72,leo maecenas pulvinar,2022-11-29 21:38:12,5,56.17
223,73,libero nullam,2023-03-08 10:07:50,4,24.53
45,74,nulla,2023-03-03 01:46:07,1,50.69
444,75,quam a odio in hac,2022-12-10 23:34:22,2,7.55
7,76,justo lacinia,2022-07-26 08:04:18,3,23.01
243,77,libero,2022-09-24 20:36:23,3,85.11
506,78,tristique est et tempus,2022-10-15 04:09:51,1,97.34
871,79,quis justo,2023-03-29 15:23:39,1,18.97
348,80,neque libero convallis,2022-11-23 14:09:08,4,28.82
400,81,eget vulputate ut,2023-01-09 03:27:17,5,53.29
582,82,faucibus cursus urna,2022-05-03 19:08:42,3,90.47
626,83,tellus nisi eu orci mauris lacinia,2022-09-26 09:11:24,2,87.43
866,84,mauris viverra,2022-07-22 11:01:53,2,39.09
688,85,quisque ut erat curabitur gravida,2023-04-13 16:38:53,4,47.8
360,86,dui nec nisi volutpat eleifend donec,2022-09-16 05:07:43,5,93.93
132,87,lacus,2022-12-25 05:55:46,3,75.69
125,88,dui vel nisl,2022-06-10 22:37:01,4,54.02
876,89,vivamus vel,2022-07-28 06:58:47,2,5.03
780,90,luctus,2022-12-10 16:10:19,1,56.73
785,91,eget congue eget semper rutrum nulla,2022-07-09 22:37:25,1,7.44
126,92,tempus vivamus,2023-03-07 12:24:22,4,67.64
613,93,integer ac leo pellentesque ultrices mattis,2022-09-02 06:42:13,2,68.61
357,94,donec dapibus,2023-01-29 12:05:38,2,27.18
257,95,primis in faucibus orci,2022-07-11 21:28:18,2,83.34
802,96,tristique fusce congue diam id,2022-10-23 09:54:39,2,56.64
885,97,at turpis a pede posuere nonummy,2022-07-24 07:45:58,5,23.53
863,98,nibh in,2022-06-16 19:56:37,2,9.97
879,99,curae nulla dapibus dolor vel est,2022-11-29 15:53:30,4,3.89
558,100,odio in hac habitasse platea dictumst,2022-08-21 07:12:32,5,28.87
498,101,id sapien in,2023-01-13 09:30:27,2,6.07
277,102,dapibus duis,2022-05-06 00:55:59,3,8.58
992,103,vestibulum eget,2022-10-30 04:07:57,1,91.78
848,104,orci luctus et,2023-01-11 00:03:25,4,7.03
76,105,ultrices erat tortor sollicitudin,2022-11-26 10:24:17,5,79.6
741,106,pede morbi porttitor lorem,2022-06-28 02:33:36,1,98.78
284,107,arcu sed augue aliquam,2023-01-02 14:34:56,4,67.29
536,108,sapien non mi integer ac neque,2022-12-12 07:48:15,1,95.41
305,109,in felis donec,2022-10-20 00:20:35,3,29.55
523,110,augue vel accumsan tellus,2022-12-20 02:43:49,4,86.94
104,111,at lorem integer tincidunt ante,2022-12-22 07:23:13,5,32.26
938,112,leo rhoncus sed,2022-10-27 22:51:05,3,88.33
853,113,habitasse platea dictumst morbi vestibulum velit,2022-06-23 14:27:18,3,16.17
424,114,erat nulla,2023-02-12 18:49:25,5,28.69
843,115,ultrices vel augue,2023-03-19 11:02:34,2,95.51
408,116,ut,2022-12-19 12:47:30,1,12.36
747,117,eget,2022-07-24 00:45:56,3,23.24
310,118,ipsum integer,2022-10-03 01:04:35,4,54.99
959,119,sit amet sapien dignissim vestibulum,2022-10-28 19:36:33,4,58.48
579,120,sit amet,2022-07-08 20:19:52,1,95.36
947,121,lectus vestibulum quam sapien,2022-09-17 23:38:45,2,31.26
937,122,ultrices,2022-05-21 06:09:03,3,7.95
406,123,nunc nisl duis bibendum felis sed,2023-01-15 15:19:22,2,74.37
45,124,nulla,2023-04-07 03:13:11,5,86.1
829,125,leo maecenas pulvinar,2023-01-23 04:06:35,1,87.26
967,126,pellentesque viverra,2022-10-07 21:49:52,4,93.4
59,127,vivamus tortor,2022-05-03 10:40:42,1,7.55
598,128,ac consequat metus,2022-07-26 16:27:18,1,83.13
422,129,pellentesque ultrices phasellus id sapien,2022-05-31 23:51:42,1,20.39
676,130,eget congue eget,2022-06-27 07:40:33,1,63.59
869,131,vestibulum sagittis sapien cum sociis,2023-03-16 18:18:36,2,32.14
818,132,massa quis augue luctus tincidunt,2022-05-10 01:52:31,2,70.36
492,133,consequat ut nulla sed,2023-02-21 15:19:56,4,39.97
754,134,elementum,2022-04-21 10:50:56,2,5.57
752,135,morbi ut odio,2022-08-16 04:32:51,3,33.08
787,136,sit amet erat,2022-06-05 15:57:38,1,66.23
351,137,integer,2023-01-15 14:13:26,3,33.13
675,138,pellentesque,2022-12-15 12:33:24,2,21.15
8,139,rutrum,2023-03-06 19:29:26,1,67.15
13,140,vel dapibus at diam nam,2023-01-08 11:20:15,5,68.07
162,141,turpis eget elit sodales,2022-05-29 18:37:31,5,3.1
415,142,volutpat convallis morbi odio odio elementum,2023-03-27 00:30:23,3,22.0
3,143,lacinia nisi,2022-09-13 00:02:03,2,72.75
824,144,ac diam cras,2022-10-01 21:14:43,3,58.8
429,145,vulputate elementum nullam varius nulla facilisi,2022-06-02 08:28:16,4,54.5
995,146,lacus at turpis donec posuere,2022-11-10 09:11:50,5,30.05
171,147,vulputate vitae,2022-12-01 01:33:16,3,45.15
375,148,ut massa quis augue luctus tincidunt,2022-05-01 19:39:33,2,63.38
794,149,potenti in eleifend,2022-05-22 23:59:38,3,86.15
696,150,donec quis orci eget orci vehicula,2023-03-06 12:15:30,1,54.26
648,151,nulla quisque arcu libero rutrum,2022-07-22 18:54:28,4,9.82
602,152,mollis molestie lorem quisque,2022-12-23 08:48:03,2,54.33
246,153,eu,2022-06-14 12:21:10,1,85.21
651,154,venenatis lacinia aenean,2022-09-07 13:22:05,4,4.19
786,155,suscipit nulla,2022-07-26 05:04:39,2,56.29
810,156,primis in faucibus,2022-12-16 05:17:41,2,52.13
98,157,eget semper rutrum nulla nunc purus,2022-05-05 04:05:13,5,31.3
971,158,molestie sed justo pellentesque,2023-03-21 09:43:22,4,38.94
714,159,justo aliquam quis turpis,2023-04-07 09:13:53,3,82.1
424,160,erat nulla,2022-05-16 02:07:58,1,40.94
411,161,est congue elementum in hac,2022-11-08 23:48:16,2,10.43
138,162,cubilia curae nulla,2023-02-25 06:57:59,4,51.08
481,163,eget congue eget,2022-09-25 02:44:59,5,41.97
934,164,lorem quisque ut erat curabitur gravida,2022-11-13 09:00:33,2,35.73
750,165,varius ut blandit non interdum,2022-08-23 02:46:06,1,13.25
464,166,sodales sed tincidunt eu felis fusce,2022-11-23 06:13:32,4,82.66
298,167,et eros vestibulum ac est lacinia,2022-04-23 04:16:00,5,57.97
797,168,sapien non mi integer ac,2022-05-31 15:53:08,5,35.98
908,169,sapien quis libero nullam sit amet,2022-09-13 07:08:20,5,15.99
805,170,rutrum neque aenean,2022-08-03 15:18:20,5,72.56
162,171,turpis eget elit sodales,2023-02-12 03:41:08,2,75.56
442,172,lorem,2022-09-03 23:10:58,1,48.61
550,173,sagittis nam congue risus semper porta,2023-03-05 02:29:03,5,76.91
382,174,lacinia nisi venenatis tristique fusce congue,2022-05-27 05:17:08,4,69.84
184,175,elit proin interdum mauris non,2022-04-19 16:12:56,3,32.45
994,176,id pretium iaculis diam,2023-02-13 11:37:45,2,52.97
32,177,dolor morbi,2022-06-12 09:48:49,1,38.44
494,178,in lacus curabitur,2022-10-02 09:28:06,4,52.46
817,179,ac,2022-06-24 05:08:34,5,7.94
471,180,tellus in sagittis dui vel nisl,2023-01-24 10:57:30,5,33.35
4,181,adipiscing elit,2022-06-17 19:22:46,1,53.32
965,182,mauris viverra diam,2022-11-23 02:36:45,4,99.56
431,183,rutrum neque,2023-02-25 09:21:19,5,13.51
660,184,tincidunt eu felis fusce posuere,2022-12-06 16:32:05,3,12.07
976,185,diam in magna bibendum,2023-03-27 10:35:43,3,19.6
450,186,ipsum primis in,2022-10-23 15:54:30,2,83.39
130,187,dui luctus,2022-07-18 12:12:06,1,45.88
637,188,blandit nam nulla integer pede justo,2022-12-17 02:22:18,3,13.68
635,189,turpis,2022-05-20 10:27:32,2,25.1
137,190,praesent id,2022-11-19 12:30:15,1,72.78
371,191,massa,2022-08-22 06:33:32,1,19.35
845,192,integer,2022-09-23 11:23:29,1,61.51
45,193,nulla,2022-11-19 15:50:43,1,24.73
96,194,morbi vel,2023-01-04 05:53:23,4,55.79
393,195,leo,2022-09-26 21:23:58,4,86.69
529,196,lobortis ligula sit,2022-06-25 05:43:27,2,14.96
662,197,venenatis non,2023-02-28 00:04:53,4,6.18
803,198,lobortis ligula sit amet eleifend,2022-05-04 11:39:05,3,40.79
833,199,nonummy,2022-10-26 15:27:18,5,33.36
572,200,vitae quam,2022-11-19 22:52:51,2,73.43
126,201,tempus vivamus,2022-09-30 17:05:45,3,65.25
501,202,nisi nam ultrices,2023-01-29 13:34:33,3,21.63
943,203,congue etiam justo etiam pretium,2022-07-27 14:26:43,3,48.28
891,204,posuere felis,2022-08-12 06:04:26,3,14.71
837,205,nec sem duis,2022-06-03 00:28:35,5,51.66
179,206,sit amet,2022-08-11 09:31:26,5,20.91
100,207,ultrices posuere cubilia curae mauris,2023-03-18 02:43:21,1,76.22
832,208,non ligula pellentesque,2022-07-09 19:27:53,4,94.29
664,209,in hac habitasse,2022-05-09 22:33:57,3,25.79
312,210,nulla sed accumsan felis ut,2023-02-02 02:43:16,4,81.47
933,211,orci nullam molestie,2022-11-15 12:51:05,2,68.74
530,212,mauris lacinia sapien quis libero,2022-07-15 12:16:58,1,53.39
51,213,erat eros viverra eget congue eget,2022-09-23 23:07:22,4,71.19
449,214,luctus et ultrices posuere cubilia curae,2022-10-04 21:34:33,1,88.71
387,215,blandit,2023-01-01 08:15:22,1,88.68
213,216,velit,2022-10-16 12:24:31,2,33.6
246,217,eu,2022-09-06 03:51:40,5,77.16
734,218,tellus nulla ut erat id,2023-03-01 02:51:57,3,31.81
752,219,morbi ut odio,2023-01-24 21:17:58,5,56.11
512,220,accumsan tellus nisi,2022-06-04 11:10:00,3,79.2
811,221,quisque erat eros viverra eget,2022-07-28 16:15:19,2,25.15
787,222,sit amet erat,2022-10-05 01:02:35,5,47.29
331,223,lacinia,2022-05-13 00:02:35,1,30.24
997,224,eget tempus vel pede,2022-09-29 00:52:15,3,90.29
928,225,luctus tincidunt nulla mollis,2022-09-07 03:29:32,2,34.06
327,226,integer a nibh in,2022-05-27 03:56:17,5,78.77
755,227,eros elementum pellentesque,2022-05-20 12:19:35,1,71.32
159,228,in hac,2022-05-03 15:23:31,4,91.55
605,229,suscipit nulla,2022-12-23 21:38:05,1,68.86
568,230,a libero nam dui proin leo,2022-06-21 02:09:40,2,70.91
20,231,laoreet ut rhoncus aliquet pulvinar,2023-01-21 06:39:33,2,52.58
781,232,accumsan odio curabitur,2022-12-21 16:34:57,5,20.89
167,233,platea dictumst morbi,2023-02-26 17:05:47,5,79.04
886,234,ultrices libero non mattis pulvinar nulla,2022-08-15 15:47:03,1,46.42
22,235,phasellus sit amet erat nulla tempus,2022-06-21 16:03:43,4,75.71
53,236,dis parturient montes nascetur ridiculus mus,2022-11-27 16:05:32,2,44.01
739,237,vulputate luctus cum,2022-12-25 13:39:54,2,80.68
13,238,vel dapibus at diam nam,2023-01-25 19:55:26,3,42.67
897,239,dolor morbi vel lectus in quam,2022-04-30 07:42:13,5,83.39
192,240,lorem quisque ut,2022-12-12 01:14:57,3,80.73
729,241,donec vitae,2022-07-21 04:35:23,1,93.46
158,242,maecenas ut,2022-05-31 08:13:51,4,82.16
623,243,pharetra magna ac,2022-08-17 22:47:57,4,64.48
468,244,orci luctus et ultrices posuere cubilia,2022-12-28 01:52:57,3,31.35
744,245,sem fusce consequat nulla nisl,2023-04-18 23:30:03,1,73.67
985,246,metus sapien ut nunc vestibulum,2022-07-17 03:22:24,5,42.13
749,247,interdum eu tincidunt in leo,2022-11-07 10:34:23,3,13.39
983,248,ornare consequat lectus in,2022-12-09 10:16:33,3,32.85
230,249,aliquet massa id,2022-10-15 19:28:43,2,66.23
650,250,eu massa,2022-09-12 11:31:39,5,38.17
656,251,sapien non mi integer,2023-02-02 11:23:37,1,7.0
702,252,ultrices aliquet maecenas leo,2023-01-29 04:31:09,5,32.84
727,253,potenti,2023-02-04 20:37:12,2,87.94
198,254,id justo sit,2022-06-06 01:54:37,3,92.98
561,255,massa donec,2022-08-16 16:25:37,5,39.42
776,256,at velit vivamus vel nulla eget,2022-04-21 22:29:06,4,11.56
881,257,venenatis non sodales sed tincidunt,2022-08-09 07:48:03,4,83.01
865,258,natoque,2023-02-09 09:08:45,5,65.92
468,259,orci luctus et ultrices posuere cubilia,2022-08-27 10:36:12,3,51.86
578,260,a pede,2022-07-31 13:10:36,1,77.35
797,261,sapien non mi integer ac,2022-10-09 12:37:51,2,91.8
4,262,adipiscing elit,2022-06-01 02:50:23,4,35.32
392,263,molestie lorem quisque ut erat curabitur,2022-04-20 13:49:48,4,70.5
469,264,nullam,2022-11-30 11:08:50,4,70.39
138,265,cubilia curae nulla,2023-04-07 13:36:22,3,28.15
384,266,eu nibh quisque id justo,2022-07-01 08:50:09,5,95.24
521,267,erat volutpat in congue etiam justo,2022-06-14 06:57:27,4,79.41
194,268,eros suspendisse,2023-02-04 09:27:58,3,91.67
387,269,blandit,2022-07-21 13:41:01,2,31.87
715,270,donec,2022-11-05 09:23:49,1,75.16
595,271,urna,2022-08-18 18:11:45,2,65.47
817,272,ac,2023-03-09 11:22:24,1,3.94
161,273,id ornare imperdiet,2023-04-11 03:41:06,3,50.28
772,274,dapibus nulla suscipit ligula in,2023-02-03 02:10:53,2,16.74
505,275,ante ipsum,2022-06-04 03:28:37,1,65.73
958,276,commodo vulputate justo in,2022-12-03 00:04:18,1,73.09
240,277,vitae,2022-05-10 05:53:52,1,93.64
375,278,ut massa quis augue luctus tincidunt,2022-07-08 01:13:53,5,28.07
265,279,vestibulum quam,2023-03-17 16:52:28,3,49.2
18,280,tempus semper est quam,2022-11-12 08:21:36,3,65.16
251,281,posuere cubilia curae duis faucibus,2022-06-24 06:59:57,4,89.02
910,282,pede posuere nonummy integer non velit,2022-06-26 21:26:17,4,99.19
101,283,ipsum aliquam non mauris,2022-08-12 08:12:27,2,42.39
515,284,erat fermentum justo nec,2022-06-23 03:45:49,1,64.06
246,285,eu,2022-10-07 15:10:46,5,21.25
57,286,congue eget semper rutrum nulla nunc,2022-07-18 03:01:50,3,73.51
302,287,ultrices mattis odio donec vitae,2022-12-26 16:07:40,3,37.09
548,288,nulla tellus in sagittis,2022-10-03 14:13:35,3,97.32
236,289,bibendum felis sed interdum,2022-06-04 04:15:24,3,70.1
447,290,faucibus orci,2023-03-30 16:18:31,5,21.93
345,291,tristique,2022-10-22 03:06:35,5,36.57
988,292,hendrerit at vulputate vitae,2022-12-13 15:56:45,3,62.62
490,293,primis in faucibus orci,2023-03-27 11:57:26,1,36.94
296,294,dui vel nisl duis ac,2022-12-16 11:53:47,3,74.85
123,295,volutpat dui maecenas tristique,2022-09-10 19:22:28,3,76.54
464,296,sodales sed tincidunt eu felis fusce,2022-07-29 08:08:08,5,61.55
306,297,pulvinar sed nisl nunc,2022-09-18 19:13:15,1,82.6
984,298,donec ut,2022-11-16 18:41:48,4,39.49
483,299,at,2022-08-08 01:47:42,1,87.82
981,300,sagittis dui vel nisl,2022-10-03 05:41:18,1,1.5
133,301,hac habitasse platea dictumst maecenas,2022-10-20 14:44:47,2,14.3
586,302,dapibus,2022-11-24 00:31:56,1,67.53
76,303,ultrices erat tortor sollicitudin,2023-04-12 23:15:04,4,80.11
782,304,congue risus semper porta,2022-12-14 07:44:03,5,37.4
813,305,ante vestibulum ante ipsum primis,2022-09-30 11:25:21,1,73.81
73,306,vivamus tortor duis,2022-04-25 03:44:52,4,15.68
522,307,diam neque vestibulum,2022-12-21 12:17:28,5,8.45
499,308,tortor id nulla ultrices,2022-06-20 04:50:38,1,63.43
576,309,elementum nullam varius nulla,2022-10-25 06:28:12,1,8.62
520,310,eu massa,2023-02-15 22:49:54,5,47.83
922,311,et ultrices posuere cubilia,2022-06-25 11:28:06,5,46.68
365,312,condimentum neque sapien,2022-11-21 22:11:42,5,10.61
519,313,in quam fringilla rhoncus mauris,2022-12-18 14:06:41,4,99.47
214,314,suscipit ligula in,2023-01-18 15:33:20,1,17.64
561,315,massa donec,2022-08-11 00:27:11,2,39.61
308,316,massa donec dapibus,2022-11-21 04:13:52,4,57.6
631,317,sapien quis libero nullam,2022-12-10 15:58:39,2,84.73
371,318,massa,2022-11-20 09:02:53,1,17.55
141,319,nulla pede,2022-11-24 01:55:51,1,48.51
831,320,ante ipsum primis in faucibus orci,2022-05-11 05:51:29,4,11.23
896,321,luctus nec molestie sed justo pellentesque,2022-08-10 01:44:21,1,64.09
761,322,erat eros viverra eget congue eget,2022-06-12 06:38:23,4,69.56
651,323,venenatis lacinia aenean,2023-04-16 06:57:41,3,20.53
443,324,in magna bibendum imperdiet nullam orci,2022-09-17 04:57:52,4,88.71
993,325,vel augue vestibulum ante,2022-12-06 22:39:07,5,10.39
850,326,eros viverra eget congue,2023-02-18 14:19:09,5,78.78
236,327,bibendum felis sed interdum,2023-04-17 10:46:36,5,26.77
647,328,congue diam id ornare imperdiet sapien,2023-02-17 17:56:19,3,38.81
433,329,pellentesque,2022-11-15 09:07:45,3,39.36
619,330,in lectus,2022-11-13 12:31:24,2,40.72
808,331,nisi,2022-11-07 20:13:13,4,86.7
356,332,pede libero quis orci nullam molestie,2022-07-27 11:09:28,1,97.29
768,333,nullam orci pede venenatis,2023-04-08 12:42:09,1,38.49
738,334,dapibus augue vel accumsan tellus nisi,2022-11-07 07:19:03,4,53.19
407,335,potenti,2022-10-25 14:51:28,2,55.27
649,336,nulla ut,2022-12-23 08:09:27,1,49.33
136,337,consequat in consequat ut nulla,2022-08-26 01:49:52,1,24.2
355,338,orci eget orci vehicula,2022-11-03 06:27:40,3,11.35
862,339,quisque ut erat curabitur,2023-04-06 13:31:38,5,95.09
707,340,adipiscing,2022-04-24 05:31:11,2,12.7
410,341,vestibulum ante ipsum primis in faucibus,2022-09-05 16:50:21,4,72.75
928,342,luctus tincidunt nulla mollis,2022-06-29 03:52:09,2,86.01
634,343,porttitor lacus at turpis,2022-08-14 09:16:53,2,25.19
328,344,justo morbi ut odio cras mi,2023-02-14 00:38:12,4,34.35
884,345,dictumst aliquam,2022-05-30 17:23:44,3,79.02
497,346,eros viverra eget congue eget,2022-08-29 17:52:15,5,77.45
553,347,vestibulum velit id,2023-04-13 06:00:38,5,38.33
276,348,convallis,2022-07-07 21:10:17,2,36.95
335,349,odio donec vitae nisi nam ultrices,2022-08-05 00:22:35,3,6.26
530,350,mauris lacinia sapien quis libero,2022-08-27 02:30:07,1,78.81
481,351,eget congue eget,2022-09-09 07:34:18,1,94.09
191,352,pulvinar lobortis est,2022-08-30 12:30:12,3,75.23
242,353,pede ullamcorper augue a,2022-12-30 07:06:22,5,79.63
159,354,in hac,2023-02-07 15:46:25,5,90.99
935,355,et magnis dis parturient montes,2023-01-13 23:52:13,4,35.04
355,356,orci eget orci vehicula,2022-10-24 08:55:46,4,70.92
808,357,nisi,2022-05-06 15:18:59,2,9.1
170,358,potenti nullam porttitor lacus,2022-11-14 07:47:44,3,46.27
504,359,sapien,2022-10-07 10:08:46,3,52.01
147,360,luctus rutrum nulla tellus,2023-02-02 07:14:53,1,72.69
715,361,donec,2023-01-09 10:13:10,5,25.53
271,362,primis in faucibus,2022-11-21 20:57:50,1,21.48
932,363,montes nascetur ridiculus mus vivamus vestibulum,2022-07-31 01:11:19,4,80.3
535,364,odio,2022-12-14 03:09:53,2,13.48
881,365,venenatis non sodales sed tincidunt,2022-04-24 20:25:11,3,49.13
908,366,sapien quis libero nullam sit amet,2023-02-22 05:49:28,3,50.44
853,367,habitasse platea dictumst morbi vestibulum velit,2022-07-12 08:38:02,5,2.78
250,368,dui maecenas tristique est et,2023-02-09 20:37:41,1,9.09
111,369,dapibus duis at velit,2022-06-07 04:11:49,4,89.28
706,370,vestibulum sagittis sapien,2022-08-10 13:03:50,4,60.52
784,371,in,2022-10-09 04:51:02,1,88.57
587,372,elementum eu interdum,2023-02-27 16:41:57,1,22.94
559,373,metus vitae ipsum aliquam non mauris,2023-03-31 10:26:37,3,53.31
276,374,convallis,2022-10-10 17:47:03,4,16.61
742,375,in ante vestibulum ante ipsum primis,2023-02-15 13:20:13,2,35.74
9,376,rutrum,2022-11-19 09:56:09,3,79.77
467,377,ut tellus nulla,2023-01-20 13:48:14,4,76.7
858,378,turpis eget elit,2022-12-08 05:19:26,5,71.69
175,379,at nunc commodo placerat,2022-08-03 06:53:27,4,47.64
779,380,quisque erat eros viverra eget,2022-05-27 00:53:56,5,29.54
346,381,aenean fermentum donec ut mauris,2022-07-23 18:04:59,1,44.98
426,382,sed ante vivamus tortor duis mattis,2022-11-24 22:44:06,2,38.96
551,383,ut erat curabitur gravida nisi,2023-02-15 02:04:55,1,39.24
29,384,lorem integer tincidunt ante vel,2022-06-07 00:06:48,3,45.52
442,385,lorem,2022-10-26 00:37:27,4,31.58
168,386,ac diam cras pellentesque volutpat dui,2022-07-25 00:09:01,1,64.57
305,387,in felis donec,2022-06-27 06:30:23,5,77.3
317,388,ac tellus,2022-05-28 12:26:21,5,46.08
172,389,proin leo odio porttitor id,2023-03-14 20:13:04,2,62.3
374,390,pretium iaculis diam erat fermentum justo,2023-03-13 00:54:33,2,59.13
399,391,sapien ut nunc vestibulum ante,2022-08-12 11:45:47,1,18.46
821,392,molestie sed justo pellentesque viverra,2022-12-20 18:03:56,2,54.79
373,393,nisl aenean lectus pellentesque,2022-11-18 21:50:53,2,85.21
364,394,amet eleifend pede,2022-10-07 19:34:28,5,52.38
105,395,vel sem sed sagittis,2022-06-19 15:12:24,5,26.46
205,396,turpis elementum,2022-07-13 16:55:01,3,66.06
448,397,tortor sollicitudin,2022-05-03 00:04:06,4,94.3
292,398,risus dapibus augue vel,2022-04-27 20:08:32,3,73.1
11,399,lacinia erat vestibulum sed magna at,2023-03-29 08:35:21,2,7.57
263,400,in ante,2023-02-26 04:35:51,3,83.31
345,401,tristique,2022-11-13 05:34:13,2,87.99
331,402,lacinia,2023-03-25 04:47:03,4,70.12
538,403,vestibulum ante ipsum primis in,2023-04-07 09:57:49,5,79.96
907,404,et ultrices posuere,2023-02-26 22:10:20,3,71.47
214,405,suscipit ligula in,2022-09-18 03:21:47,2,44.49
894,406,ac leo pellentesque ultrices mattis odio,2022-11-18 13:28:06,4,24.37
982,407,scelerisque quam turpis adipiscing,2022-10-03 16:08:44,3,94.87
452,408,lacus morbi quis,2023-01-28 00:46:30,3,92.34
583,409,libero,2022-11-06 01:38:51,4,51.33
518,410,leo pellentesque ultrices mattis odio,2023-02-06 03:27:01,2,88.52
967,411,pellentesque viverra,2022-09-27 03:21:21,3,9.11
682,412,nibh quisque id justo sit amet,2022-06-06 21:44:15,1,52.46
227,413,commodo,2023-03-23 23:38:31,4,85.56
187,414,mattis nibh ligula nec,2022-05-19 07:22:44,5,31.54
306,415,pulvinar sed nisl nunc,2022-06-25 18:07:30,1,41.2
130,416,dui luctus,2022-05-24 11:41:41,2,6.41
852,417,massa donec dapibus duis at,2022-11-21 04:19:03,2,73.42
594,418,pede posuere nonummy integer non velit,2023-02-27 14:39:32,3,18.8
996,419,purus phasellus in felis donec semper,2022-07-23 20:29:02,3,45.07
88,420,phasellus in,2023-01-29 09:39:30,5,37.05
339,421,convallis nunc proin at turpis,2022-11-29 16:11:26,5,85.59
827,422,neque duis bibendum morbi non quam,2022-09-11 07:56:44,5,22.25
388,423,primis,2022-09-30 17:27:34,4,7.04
763,424,pede posuere nonummy,2023-04-17 06:54:42,3,37.76
280,425,pede venenatis non,2022-06-13 04:32:32,3,92.9
253,426,est donec odio justo sollicitudin,2022-08-06 05:04:14,5,7.85
751,427,ultrices aliquet maecenas leo odio,2022-06-13 22:59:51,5,10.38
351,428,integer,2023-03-03 19:09:35,5,23.01
693,429,ultrices posuere cubilia curae,2023-03-22 02:59:36,1,12.12
726,430,sit amet nunc viverra,2022-06-27 23:31:54,5,76.4
95,431,tristique tortor eu,2022-07-24 18:20:25,5,56.13
113,432,nisi vulputate nonummy maecenas tincidunt,2023-01-10 03:17:04,3,61.01
821,433,molestie sed justo pellentesque viverra,2022-05-20 20:10:39,4,12.58
297,434,pretium nisl,2023-04-13 04:33:05,3,2.65
444,435,quam a odio in hac,2023-03-03 22:17:04,2,41.69
292,436,risus dapibus augue vel,2023-03-28 10:15:02,2,97.48
539,437,vitae,2022-04-22 01:51:09,4,53.34
9,438,rutrum,2022-10-17 19:21:50,3,39.04
607,439,viverra pede,2022-10-08 14:54:04,2,70.66
537,440,in,2022-11-18 03:34:39,4,30.89
598,441,ac consequat metus,2022-12-09 05:46:55,2,24.53
410,442,vestibulum ante ipsum primis in faucibus,2022-09-10 15:09:37,2,39.42
984,443,donec ut,2022-06-20 03:55:17,1,26.81
464,444,sodales sed tincidunt eu felis fusce,2022-06-22 18:07:05,3,36.23
511,445,tortor,2023-04-12 13:01:34,2,58.49
744,446,sem fusce consequat nulla nisl,2022-06-16 12:26:17,4,71.96
650,447,eu massa,2023-04-10 09:20:49,5,2.65
115,448,laoreet ut rhoncus aliquet pulvinar,2022-09-27 07:30:52,1,86.21
203,449,felis sed,2023-01-17 19:06:38,5,88.43
123,450,volutpat dui maecenas tristique,2022-12-02 15:48:53,4,41.77
485,451,eu mi,2022-10-11 12:35:52,5,9.31
556,452,leo rhoncus sed,2022-07-06 16:39:36,4,35.21
122,453,imperdiet et,2022-12-27 10:02:31,1,33.59
409,454,at,2023-01-28 03:50:56,4,84.3
552,455,auctor gravida sem praesent,2022-05-02 12:21:46,4,37.15
931,456,non interdum in ante,2022-06-23 09:20:42,1,34.55
557,457,neque,2023-02-15 03:18:17,4,27.94
944,458,in faucibus orci luctus et,2022-05-03 04:41:56,2,93.95
16,459,leo,2022-07-26 02:59:11,5,69.67
386,460,ultrices erat,2022-08-11 22:41:04,2,59.16
998,461,congue etiam,2022-11-21 13:16:46,5,96.28
317,462,ac tellus,2022-08-27 02:25:11,2,46.75
107,463,porttitor lorem id ligula suspendisse,2022-11-20 22:02:55,5,89.94
279,464,non mattis pulvinar,2022-08-21 19:50:42,5,89.78
673,465,augue quam sollicitudin vitae consectetuer,2022-08-24 12:16:35,2,18.39
129,466,donec posuere metus vitae,2023-02-13 18:45:40,5,22.0
15,467,dictumst aliquam,2022-12-28 19:14:09,4,47.7
536,468,sapien non mi integer ac neque,2022-12-16 17:29:21,5,42.52
717,469,ut suscipit,2023-02-23 07:09:53,4,74.8
82,470,velit eu est congue,2023-03-29 01:45:36,5,22.41
348,471,neque libero convallis,2022-11-01 16:17:31,3,57.87
746,472,accumsan,2022-07-25 22:59:06,4,52.36
736,473,vestibulum ante ipsum primis,2023-02-13 02:36:20,4,35.63
967,474,pellentesque viverra,2023-01-11 02:30:28,2,6.23
723,475,in felis donec semper sapien a,2023-02-27 19:49:53,4,40.32
937,476,ultrices,2022-08-25 06:08:44,1,79.94
245,477,luctus ultricies eu nibh,2023-01-26 18:42:09,2,85.78
481,478,eget congue eget,2022-12-08 15:43:43,1,16.11
488,479,habitasse platea dictumst aliquam augue quam,2022-12-24 08:16:59,1,65.9
624,480,hendrerit at vulputate vitae nisl,2022-07-27 00:20:33,1,88.64
994,481,id pretium iaculis diam,2022-10-23 14:05:56,4,68.16
761,482,erat eros viverra eget congue eget,2022-12-08 06:50:05,2,70.66
141,483,nulla pede,2022-07-04 19:58:19,3,83.65
135,484,posuere cubilia curae duis,2023-02-12 13:14:27,2,42.58
432,485,arcu,2022-09-27 19:46:50,1,98.23
456,486,in faucibus orci,2022-10-07 01:57:23,3,93.51
256,487,aliquam erat volutpat,2023-04-12 02:06:12,2,91.61
18,488,tempus semper est quam,2023-03-11 13:09:30,1,18.29
694,489,mi nulla ac,2022-09-21 19:16:22,2,36.27
342,490,velit id,2022-12-22 08:17:36,2,66.93
79,491,lectus suspendisse,2022-11-11 13:47:44,4,76.66
993,492,vel augue vestibulum ante,2023-03-25 14:39:55,3,47.4
494,493,in lacus curabitur,2022-11-24 15:52:21,1,34.73
519,494,in quam fringilla rhoncus mauris,2022-08-20 21:54:02,2,61.1
898,495,ac nulla sed vel,2023-03-15 09:52:45,4,63.72
145,496,elit,2022-08-14 14:16:25,1,3.7
275,497,aliquet pulvinar sed nisl nunc rhoncus,2022-07-29 22:15:38,5,96.84
308,498,massa donec dapibus,2022-07-05 18:43:22,3,35.97
870,499,libero quis orci,2022-10-25 23:40:14,1,52.86
954,500,cubilia curae donec,2022-12-13 02:07:44,4,44.09
309,1,ante vivamus tortor duis,2022-05-17 08:17:40,2,45.39
226,2,odio,2022-06-14 03:30:43,3,42.59
32,3,dolor morbi,2022-09-04 10:56:21,2,7.12
251,4,posuere cubilia curae duis faucibus,2022-04-26 13:40:35,1,25.97
157,5,lorem ipsum dolor sit amet consectetuer,2022-10-13 13:15:08,2,52.54
93,6,sapien sapien non mi integer,2022-09-20 03:03:23,3,92.85
68,7,lectus pellentesque eget nunc donec quis,2022-07-24 11:35:02,3,46.32
271,8,primis in faucibus,2022-05-05 14:02:58,2,81.65
319,9,ipsum ac,2023-04-11 13:45:25,3,73.67
551,10,ut erat curabitur gravida nisi,2023-03-27 11:58:04,1,95.96
707,11,adipiscing,2022-09-14 17:24:45,2,31.33
128,12,sapien urna pretium nisl,2023-02-13 09:07:07,3,14.96
588,13,mi integer ac,2023-03-04 15:43:16,2,85.34
204,14,et eros vestibulum ac est,2023-01-12 05:48:41,1,4.12
889,15,et ultrices posuere,2023-02-05 18:02:48,4,49.92
14,16,orci luctus et,2023-03-25 01:30:44,2,41.42
774,17,nibh in lectus pellentesque at,2022-11-15 02:40:28,4,22.85
512,18,accumsan tellus nisi,2023-02-03 13:22:43,4,59.19
267,19,arcu sed,2022-04-20 00:24:07,5,80.15
982,20,scelerisque quam turpis adipiscing,2022-11-06 20:33:39,4,11.47
809,21,dapibus augue vel accumsan,2022-06-02 05:34:25,1,26.58
917,22,morbi non,2023-01-02 04:18:05,2,10.42
261,23,nulla sed vel enim sit,2022-09-03 09:57:44,2,35.65
653,24,semper est quam pharetra magna,2022-10-12 01:51:43,2,63.87
280,25,pede venenatis non,2022-12-11 01:31:17,4,41.21
383,26,interdum eu tincidunt in leo maecenas,2023-01-17 21:17:13,5,69.79
858,27,turpis eget elit,2022-06-19 16:13:04,1,33.95
111,28,dapibus duis at velit,2022-06-22 23:17:55,2,8.48
259,29,donec diam neque vestibulum eget vulputate,2023-03-26 09:34:41,4,31.85
947,30,lectus vestibulum quam sapien,2022-09-07 23:00:26,1,1.37
506,31,tristique est et tempus,2022-08-03 04:14:55,1,95.25
285,32,quis turpis eget elit,2023-02-12 03:16:33,1,45.29
725,33,neque duis bibendum morbi non quam,2023-04-02 15:03:47,2,33.93
444,34,quam a odio in hac,2023-01-31 19:49:30,3,83.19
315,35,sed justo pellentesque,2022-08-08 12:28:40,4,61.39
598,36,ac consequat metus,2022-05-21 15:35:59,2,77.43
160,37,vestibulum quam sapien varius ut,2022-10-06 10:14:28,3,51.21
26,38,justo in blandit ultrices enim,2022-08-03 05:39:00,3,92.57
377,39,molestie nibh in,2023-03-30 14:16:31,4,82.36
379,40,eget elit,2023-03-15 09:14:39,3,99.06
92,41,in hac habitasse platea dictumst,2022-06-21 21:45:29,5,95.13
880,42,ridiculus mus etiam,2022-10-15 19:13:16,4,39.57
977,43,donec quis orci eget orci,2022-04-24 17:07:34,5,90.61
614,44,rhoncus dui vel sem,2022-10-10 09:05:52,3,70.81
644,45,est donec odio justo sollicitudin ut,2022-09-27 01:39:20,3,59.58
565,46,eget,2022-11-26 08:30:48,1,70.83
733,47,turpis integer aliquet massa id,2022-08-06 14:31:26,5,10.78
159,48,in hac,2022-09-23 04:22:51,5,66.64
324,49,congue elementum in hac habitasse,2023-01-02 07:47:28,2,91.86
143,50,amet cursus id,2022-12-25 11:16:55,3,30.79
204,51,et eros vestibulum ac est,2022-08-18 05:03:01,5,98.81
771,52,volutpat,2023-02-14 01:03:55,5,41.66
58,53,velit eu est congue elementum in,2022-08-24 16:38:49,4,73.38
377,54,molestie nibh in,2023-03-14 14:19:15,5,53.77
715,55,donec,2022-11-18 13:31:03,4,12.03
95,56,tristique tortor eu,2022-12-18 17:09:28,3,24.83
582,57,faucibus cursus urna,2023-03-16 19:57:57,4,33.64
845,58,integer,2022-05-25 19:42:54,3,66.68
337,59,rhoncus,2022-08-02 14:15:56,4,68.96
996,60,purus phasellus in felis donec semper,2022-09-17 10:08:39,4,63.63
406,61,nunc nisl duis bibendum felis sed,2022-05-28 19:02:56,5,55.62
597,62,potenti in eleifend,2022-05-19 03:34:05,3,62.82
503,63,nec euismod scelerisque,2022-10-05 22:44:14,1,3.3
242,64,pede ullamcorper augue a,2023-02-08 12:25:02,2,85.62
651,65,venenatis lacinia aenean,2022-05-18 00:30:30,3,98.74
350,66,cubilia curae donec pharetra magna,2022-10-29 13:55:43,4,44.83
804,67,sagittis,2022-09-05 04:41:58,5,51.49
762,68,quam a odio in,2022-09-06 03:54:40,4,9.34
154,69,turpis nec euismod scelerisque quam turpis,2022-05-28 21:19:03,3,81.87
69,70,aliquet maecenas leo odio,2022-09-18 10:43:20,2,22.97
690,71,nullam sit,2022-08-09 03:04:05,5,80.01
414,72,quam turpis adipiscing lorem vitae mattis,2022-05-31 06:01:18,3,40.89
580,73,sed accumsan felis ut,2022-06-06 02:52:18,5,57.87
54,74,vel enim sit amet,2022-04-20 18:37:15,4,8.74
708,75,auctor gravida sem praesent,2023-01-26 20:37:38,3,33.4
932,76,montes nascetur ridiculus mus vivamus vestibulum,2022-05-26 09:21:55,5,92.99
277,77,dapibus duis,2022-12-08 18:55:41,2,85.01
196,78,integer ac neque duis bibendum,2022-12-21 15:07:46,2,34.2
327,79,integer a nibh in,2023-02-04 09:58:08,2,64.4
576,80,elementum nullam varius nulla,2022-11-10 14:23:39,2,18.35
305,81,in felis donec,2022-06-17 04:50:01,3,40.5
9,82,rutrum,2022-08-08 12:32:42,2,10.85
119,83,felis fusce posuere,2022-09-06 16:37:02,3,15.43
352,84,amet justo morbi ut,2022-08-23 22:42:50,2,35.98
637,85,blandit nam nulla integer pede justo,2022-06-06 23:39:33,5,22.32
76,86,ultrices erat tortor sollicitudin,2022-11-03 18:16:40,1,70.83
312,87,nulla sed accumsan felis ut,2023-04-07 15:21:29,3,87.47
623,88,pharetra magna ac,2022-12-28 02:01:56,2,32.78
650,89,eu massa,2022-10-01 04:57:59,3,75.6
77,90,ac tellus semper interdum mauris ullamcorper,2023-02-05 13:13:25,3,63.44
809,91,dapibus augue vel accumsan,2022-06-25 04:25:09,4,16.56
632,92,in hac,2022-07-10 02:00:39,2,76.74
778,93,vel nulla eget eros elementum,2022-07-29 09:50:23,2,50.55
183,94,duis bibendum morbi non quam,2023-04-13 02:13:40,5,33.35
612,95,faucibus orci luctus,2022-06-07 20:15:01,2,90.95
83,96,ut,2023-02-04 00:15:44,5,54.1
274,97,id ligula,2022-07-02 16:36:00,1,85.52
3,98,lacinia nisi,2022-09-24 22:02:29,2,8.71
800,99,tincidunt eget tempus vel pede,2022-09-23 07:06:31,3,40.95
874,100,justo,2022-10-06 14:02:06,2,66.38
853,101,habitasse platea dictumst morbi vestibulum velit,2022-12-06 11:03:14,1,74.13
16,102,leo,2022-07-07 20:27:32,5,40.67
312,103,nulla sed accumsan felis ut,2022-06-18 21:38:19,5,26.34
318,104,quam,2022-05-07 04:24:27,1,24.85
618,105,ante ipsum,2023-02-15 02:35:48,4,65.82
351,106,integer,2022-12-05 19:22:21,1,72.63
96,107,morbi vel,2022-12-24 11:21:26,1,28.49
115,108,laoreet ut rhoncus aliquet pulvinar,2023-01-02 06:26:13,4,36.53
762,109,quam a odio in,2022-09-11 04:25:21,2,41.06
93,110,sapien sapien non mi integer,2022-05-21 21:34:19,2,13.99
963,111,mi in,2023-01-26 10:17:29,3,10.65
674,112,tortor,2022-04-25 19:03:58,5,20.58
179,113,sit amet,2022-11-27 12:25:25,5,69.09
844,114,tempus vivamus,2022-09-17 00:11:27,5,30.98
996,115,purus phasellus in felis donec semper,2023-04-02 03:55:25,5,30.87
11,116,lacinia erat vestibulum sed magna at,2023-04-02 03:18:20,5,69.53
624,117,hendrerit at vulputate vitae nisl,2023-03-08 16:31:56,4,93.15
31,118,nunc,2023-03-07 01:28:12,3,24.18
287,119,nonummy maecenas tincidunt lacus,2023-02-02 00:01:55,3,12.03
37,120,eu,2022-12-03 20:01:15,2,22.3
206,121,habitasse platea dictumst maecenas ut,2022-05-11 02:21:01,5,82.61
732,122,eleifend pede libero quis orci,2022-06-22 03:21:25,2,97.25
658,123,quisque arcu,2022-09-09 04:24:31,2,67.43
784,124,in,2022-08-16 03:43:54,2,70.42
348,125,neque libero convallis,2022-12-26 06:49:41,2,77.8
507,126,proin at turpis,2022-10-11 23:56:55,2,30.31
450,127,ipsum primis in,2022-06-20 18:26:01,4,17.65
945,128,odio elementum eu interdum eu,2022-08-17 02:44:16,3,50.21
895,129,pede lobortis ligula sit amet eleifend,2022-06-19 18:39:42,3,70.84
608,130,elit proin risus praesent lectus,2022-12-12 02:23:27,3,39.57
884,131,dictumst aliquam,2022-10-23 02:59:23,4,37.34
595,132,urna,2022-06-15 01:17:52,5,53.49
67,133,primis in faucibus orci luctus et,2023-02-24 16:43:51,5,50.67
763,134,pede posuere nonummy,2023-02-16 13:00:45,2,27.16
373,135,nisl aenean lectus pellentesque,2023-03-26 01:44:41,4,56.65
174,136,semper,2023-03-21 00:43:58,4,64.61
546,137,amet sapien dignissim vestibulum,2022-10-04 05:31:35,3,86.65
519,138,in quam fringilla rhoncus mauris,2022-09-17 02:31:02,4,38.89
259,139,donec diam neque vestibulum eget vulputate,2022-07-07 16:11:21,4,18.96
61,140,quis orci nullam,2022-11-10 14:08:39,3,9.69
751,141,ultrices aliquet maecenas leo odio,2023-03-10 01:34:16,4,69.19
461,142,varius ut blandit non interdum in,2022-07-31 02:12:57,4,82.22
403,143,ipsum dolor sit,2023-03-03 04:15:45,4,33.12
680,144,lacinia erat,2022-06-13 22:43:31,1,57.8
131,145,in lacus curabitur,2022-10-07 05:28:40,4,10.18
22,146,phasellus sit amet erat nulla tempus,2022-09-06 21:43:59,3,56.93
607,147,viverra pede,2023-02-09 20:10:37,5,19.54
30,148,vestibulum sed magna at,2022-11-29 19:34:14,4,98.1
270,149,elementum,2022-12-12 16:07:57,5,62.61
448,150,tortor sollicitudin,2022-07-29 05:20:31,1,35.23
161,151,id ornare imperdiet,2022-07-05 22:11:30,3,42.3
636,152,nam tristique tortor,2022-09-02 01:05:00,4,61.91
894,153,ac leo pellentesque ultrices mattis odio,2022-12-03 06:13:14,2,52.87
352,154,amet justo morbi ut,2022-08-08 07:42:39,4,37.12
41,155,in faucibus,2023-02-02 20:03:53,1,59.68
191,156,pulvinar lobortis est,2023-04-18 21:43:26,2,33.86
760,157,donec diam,2022-05-29 12:16:25,5,58.68
530,158,mauris lacinia sapien quis libero,2022-07-26 03:56:57,5,16.61
988,159,hendrerit at vulputate vitae,2023-03-09 22:56:00,2,57.65
858,160,turpis eget elit,2022-12-13 19:42:16,3,36.72
350,161,cubilia curae donec pharetra magna,2023-01-01 00:49:41,3,31.44
213,162,velit,2023-01-01 10:14:38,4,43.34
567,163,neque sapien,2022-05-03 11:41:00,3,29.2
338,164,cum,2022-12-07 12:09:46,2,67.74
864,165,rutrum rutrum neque,2023-04-01 13:58:58,5,40.86
841,166,quisque,2022-11-26 01:56:45,1,3.35
420,167,vitae,2023-01-23 06:28:43,5,70.48
538,168,vestibulum ante ipsum primis in,2023-03-25 23:29:38,4,82.82
781,169,accumsan odio curabitur,2022-06-10 11:33:30,1,41.18
731,170,varius,2022-09-12 01:19:11,2,64.36
180,171,in imperdiet et commodo vulputate justo,2022-08-14 11:26:53,3,7.41
158,172,maecenas ut,2022-07-31 15:50:15,4,48.84
935,173,et magnis dis parturient montes,2022-11-15 19:54:47,3,71.93
595,174,urna,2023-02-20 12:46:28,4,36.12
280,175,pede venenatis non,2023-03-04 13:15:21,1,30.16
687,176,pharetra magna,2023-01-24 12:26:15,4,78.34
504,177,sapien,2022-05-23 15:03:23,2,91.04
566,178,egestas metus aenean fermentum,2023-02-15 07:41:31,3,34.39
761,179,erat eros viverra eget congue eget,2023-04-17 13:59:33,5,98.42
222,180,congue diam id,2022-08-29 00:58:50,5,39.5
203,181,felis sed,2023-02-26 10:58:29,1,21.91
968,182,penatibus et magnis dis parturient,2022-11-01 03:08:19,1,69.88
168,183,ac diam cras pellentesque volutpat dui,2022-07-28 17:28:13,1,87.26
767,184,nibh in,2023-03-20 10:10:24,4,32.68
384,185,eu nibh quisque id justo,2022-08-14 22:42:33,2,65.58
831,186,ante ipsum primis in faucibus orci,2023-01-04 00:42:06,4,56.39
712,187,non,2022-06-26 01:14:52,1,17.84
469,188,nullam,2022-08-05 07:15:44,4,78.96
665,189,tincidunt,2023-01-02 13:56:33,4,17.98
828,190,ut ultrices vel augue vestibulum ante,2023-01-16 19:38:19,5,44.14
554,191,quam pharetra magna ac consequat,2023-03-08 04:49:17,5,47.9
228,192,nam tristique tortor eu pede,2023-04-01 08:46:22,2,45.65
346,193,aenean fermentum donec ut mauris,2022-08-04 14:04:03,1,49.36
445,194,nunc nisl duis bibendum felis sed,2022-11-27 15:43:21,3,8.34
419,195,sociis natoque penatibus et,2022-06-22 03:00:35,4,47.21
789,196,vestibulum,2022-12-06 16:04:03,5,78.37
400,197,eget vulputate ut,2022-12-30 06:45:53,2,37.75
239,198,praesent blandit nam nulla,2023-01-07 12:50:00,3,63.21
823,199,est,2023-04-15 13:58:26,5,60.13
639,200,faucibus orci,2022-07-22 05:13:18,2,94.6
847,201,sollicitudin mi,2022-05-01 05:57:25,5,41.31
834,202,magna,2022-10-30 20:14:20,1,80.77
34,203,pede posuere nonummy integer non,2022-09-17 19:11:16,5,55.02
731,204,varius,2023-02-14 06:45:25,1,58.7
810,205,primis in faucibus,2023-03-02 07:17:51,5,76.07
275,206,aliquet pulvinar sed nisl nunc rhoncus,2022-10-26 07:27:13,1,60.55
766,207,massa,2023-02-18 19:06:16,2,10.07
364,208,amet eleifend pede,2023-01-09 11:47:57,3,33.45
806,209,sapien sapien non mi,2022-06-08 01:12:55,3,68.07
291,210,mauris laoreet,2022-11-13 19:52:47,3,30.72
986,211,iaculis congue,2022-08-19 11:54:40,5,27.07
966,212,orci mauris lacinia sapien quis,2022-06-06 02:59:17,4,88.06
446,213,et ultrices,2022-06-07 18:33:21,3,33.47
706,214,vestibulum sagittis sapien,2022-11-24 06:19:56,5,59.96
973,215,orci pede venenatis non sodales sed,2022-08-16 12:18:05,1,59.69
100,216,ultrices posuere cubilia curae mauris,2023-01-01 14:43:23,5,75.76
411,217,est congue elementum in hac,2022-04-24 12:59:26,1,72.41
558,218,odio in hac habitasse platea dictumst,2022-07-02 05:00:55,3,70.61
204,219,et eros vestibulum ac est,2022-11-15 07:43:16,2,51.37
989,220,sit,2022-12-26 01:51:01,3,78.54
315,221,sed justo pellentesque,2022-12-26 00:24:39,1,97.44
644,222,est donec odio justo sollicitudin ut,2022-11-16 18:07:02,3,35.8
22,223,phasellus sit amet erat nulla tempus,2022-04-20 12:46:59,2,45.46
888,224,vitae mattis nibh,2022-11-07 09:26:20,3,9.1
738,225,dapibus augue vel accumsan tellus nisi,2023-01-13 04:35:09,1,82.74
592,226,morbi porttitor lorem,2022-07-25 19:23:48,3,28.47
719,227,porttitor lorem id ligula suspendisse,2023-02-09 06:59:09,1,56.25
842,228,ut dolor morbi vel lectus in,2022-12-17 21:31:04,3,20.2
17,229,eros elementum pellentesque quisque porta,2023-01-28 06:53:08,2,96.03
367,230,quis,2023-04-03 18:43:11,1,39.87
493,231,pellentesque quisque porta,2022-10-12 10:26:56,3,17.34
715,232,donec,2022-12-14 18:18:43,3,91.02
615,233,sed lacus,2023-03-17 00:18:13,2,80.08
534,234,dapibus nulla suscipit ligula in,2023-02-06 11:27:49,5,90.4
158,235,maecenas ut,2022-12-30 06:08:16,4,25.32
605,236,suscipit nulla,2022-06-10 09:59:13,4,46.42
874,237,justo,2023-02-04 06:14:38,3,46.36
673,238,augue quam sollicitudin vitae consectetuer,2022-08-13 16:25:53,3,81.16
329,239,phasellus sit amet erat,2022-10-20 20:37:06,3,88.51
630,240,amet,2023-03-28 14:58:21,4,63.91
545,241,aliquam convallis nunc proin at turpis,2023-02-08 15:54:24,2,48.93
935,242,et magnis dis parturient montes,2022-10-14 07:51:08,2,67.94
956,243,diam in magna bibendum imperdiet,2023-02-08 04:47:02,1,45.89
49,244,hac habitasse platea dictumst aliquam augue,2022-08-12 17:08:09,1,8.07
893,245,ultrices,2023-04-06 01:34:08,2,3.95
99,246,mattis odio donec vitae,2022-08-03 00:55:44,5,55.98
202,247,vitae ipsum,2022-05-12 19:57:12,3,94.56
878,248,lobortis sapien sapien non,2022-11-08 23:42:29,2,58.49
186,249,in quam,2023-02-02 05:35:29,4,9.5
351,250,integer,2023-03-08 23:37:16,3,3.02
264,251,vitae nisl aenean lectus pellentesque,2022-08-21 19:05:01,4,22.28
620,252,iaculis congue vivamus,2022-05-29 11:41:13,5,71.52
781,253,accumsan odio curabitur,2022-06-27 19:48:43,1,69.35
756,254,tincidunt ante vel ipsum praesent blandit,2022-11-22 12:14:13,5,26.62
280,255,pede venenatis non,2022-11-26 06:19:35,5,74.82
528,256,montes nascetur ridiculus,2022-07-11 10:48:35,3,42.56
619,257,in lectus,2022-05-19 14:44:15,4,90.78
108,258,adipiscing lorem vitae,2022-12-08 10:54:01,1,23.49
861,259,tincidunt ante vel ipsum,2022-11-18 18:13:13,4,86.21
918,260,sit,2023-02-14 09:13:48,3,97.95
700,261,dictumst maecenas ut massa quis augue,2022-05-19 20:12:09,4,15.38
184,262,elit proin interdum mauris non,2022-11-17 17:55:30,3,24.45
422,263,pellentesque ultrices phasellus id sapien,2023-01-04 22:44:21,1,67.34
626,264,tellus nisi eu orci mauris lacinia,2022-09-25 15:35:00,5,20.37
421,265,eget rutrum at,2022-10-27 19:05:25,4,52.42
981,266,sagittis dui vel nisl,2022-12-08 05:37:37,1,70.23
638,267,molestie sed justo pellentesque viverra,2022-07-04 00:35:19,5,48.32
202,268,vitae ipsum,2022-07-02 08:37:54,2,92.34
366,269,donec ut mauris,2022-08-08 22:49:21,2,33.79
515,270,erat fermentum justo nec,2022-11-01 05:11:59,5,55.37
163,271,donec dapibus,2023-02-05 21:30:56,2,8.92
437,272,ultricies eu nibh quisque id justo,2022-08-09 16:48:51,4,17.66
809,273,dapibus augue vel accumsan,2023-04-04 19:28:40,1,53.37
9,274,rutrum,2023-01-01 11:31:35,2,65.75
557,275,neque,2022-06-19 10:07:10,1,10.45
287,276,nonummy maecenas tincidunt lacus,2022-11-28 17:28:28,2,73.27
482,277,orci vehicula condimentum curabitur in,2022-11-12 17:22:01,4,54.39
747,278,eget,2023-04-08 13:23:35,4,17.64
704,279,augue,2023-04-09 14:07:08,2,55.31
78,280,venenatis lacinia,2023-04-13 17:44:47,5,13.38
43,281,ipsum primis in faucibus orci,2022-11-15 23:23:04,3,16.28
494,282,in lacus curabitur,2023-04-11 23:10:05,3,64.85
230,283,aliquet massa id,2022-05-02 06:35:27,1,1.34
198,284,id justo sit,2022-06-06 18:17:40,5,82.91
589,285,ut dolor morbi vel lectus,2023-04-09 18:20:35,3,30.34
529,286,lobortis ligula sit,2023-02-07 06:20:01,5,80.49
462,287,eu orci mauris lacinia,2022-12-08 16:09:40,3,28.2
687,288,pharetra magna,2022-08-14 15:51:59,5,35.81
726,289,sit amet nunc viverra,2023-03-03 05:49:53,1,91.0
174,290,semper,2022-06-08 09:30:34,1,64.76
253,291,est donec odio justo sollicitudin,2022-08-31 16:58:23,4,51.81
584,292,lorem quisque ut erat curabitur gravida,2022-09-10 22:16:58,4,38.86
231,293,ligula nec sem duis,2022-05-22 22:31:32,1,11.85
998,294,congue etiam,2023-04-07 08:38:39,2,84.77
325,295,nisl duis ac nibh fusce lacus,2022-08-29 21:15:03,4,4.34
815,296,morbi porttitor lorem,2022-08-10 07:10:34,3,36.53
478,297,sapien a,2022-12-07 16:04:27,3,85.59
773,298,ultrices erat tortor sollicitudin mi,2022-11-06 06:17:42,4,28.39
818,299,massa quis augue luctus tincidunt,2022-09-15 12:58:34,3,21.69
984,300,donec ut,2022-07-07 04:35:37,5,43.21
656,301,sapien non mi integer,2022-09-04 03:12:09,3,9.69
673,302,augue quam sollicitudin vitae consectetuer,2022-05-31 15:24:32,5,72.54
26,303,justo in blandit ultrices enim,2022-07-17 06:41:11,4,37.11
336,304,dolor sit amet consectetuer,2023-03-06 05:39:22,5,57.52
706,305,vestibulum sagittis sapien,2022-06-25 07:27:13,3,24.37
287,306,nonummy maecenas tincidunt lacus,2022-10-14 16:56:55,4,56.82
472,307,in libero ut massa,2023-02-07 11:06:00,4,59.2
71,308,dictumst aliquam,2022-09-02 12:47:36,3,40.89
117,309,ante,2023-02-05 04:38:44,3,73.71
36,310,dis,2023-04-16 22:41:25,5,99.62
547,311,odio donec vitae nisi,2022-06-09 10:59:55,1,80.44
903,312,elit sodales,2022-10-03 13:48:18,4,51.12
281,313,sociis natoque penatibus,2022-05-27 00:20:02,4,31.53
723,314,in felis donec semper sapien a,2022-09-28 02:13:41,4,44.35
207,315,dolor quis odio consequat,2022-11-20 21:05:44,3,33.83
871,316,quis justo,2022-10-04 07:41:35,3,38.87
380,317,non velit,2022-05-26 18:38:31,4,61.4
614,318,rhoncus dui vel sem,2022-06-05 14:07:59,1,54.25
166,319,aliquam non mauris morbi non,2022-11-01 19:59:32,1,81.86
659,320,pellentesque at,2022-08-22 04:53:35,4,29.39
657,321,pede,2022-06-16 11:39:03,1,41.04
81,322,amet,2022-07-16 18:17:16,4,70.57
241,323,amet erat nulla tempus vivamus in,2023-01-06 16:06:12,1,22.17
654,324,morbi,2022-09-07 00:32:57,4,22.52
446,325,et ultrices,2022-09-19 00:00:36,4,96.78
783,326,et ultrices posuere cubilia curae,2023-01-05 02:28:41,3,1.89
952,327,dolor sit amet consectetuer adipiscing elit,2023-03-11 13:54:54,2,90.19
4,328,adipiscing elit,2023-03-31 17:40:47,2,92.09
274,329,id ligula,2022-12-15 16:32:26,3,56.56
29,330,lorem integer tincidunt ante vel,2022-10-29 02:45:25,5,23.76
571,331,eget eleifend,2022-07-23 00:24:15,5,39.54
163,332,donec dapibus,2023-02-15 22:20:45,2,15.34
516,333,magna,2022-10-26 15:31:56,3,73.72
567,334,neque sapien,2023-03-11 06:06:22,1,31.94
5,335,fusce lacus,2022-08-09 18:43:36,5,35.66
982,336,scelerisque quam turpis adipiscing,2022-09-01 05:51:48,3,31.09
155,337,volutpat dui maecenas tristique est et,2022-07-25 09:05:29,3,77.19
860,338,odio,2023-02-01 03:35:55,2,75.43
709,339,amet eleifend pede libero,2022-10-25 00:04:49,4,1.6
164,340,parturient montes nascetur ridiculus mus etiam,2022-12-24 02:04:47,1,83.78
78,341,venenatis lacinia,2022-06-04 16:32:11,3,74.35
448,342,tortor sollicitudin,2022-11-06 13:32:11,1,56.65
111,343,dapibus duis at velit,2022-09-06 20:27:48,2,50.89
635,344,turpis,2022-12-10 05:14:40,4,65.45
300,345,viverra eget,2022-10-05 07:37:47,2,7.56
550,346,sagittis nam congue risus semper porta,2023-03-02 11:51:28,5,58.96
680,347,lacinia erat,2022-07-14 09:42:30,1,5.33
60,348,felis sed lacus morbi sem mauris,2022-08-01 12:23:15,5,76.85
821,349,molestie sed justo pellentesque viverra,2022-11-25 16:36:31,4,47.34
301,350,tincidunt,2023-03-27 13:46:49,5,27.13
846,351,eget nunc,2023-03-31 14:40:05,5,45.77
607,352,viverra pede,2022-08-17 03:39:02,5,30.11
159,353,in hac,2022-09-22 13:44:30,4,59.86
858,354,turpis eget elit,2022-10-26 08:32:41,1,88.97
688,355,quisque ut erat curabitur gravida,2022-07-21 04:03:56,4,18.94
820,356,sollicitudin,2022-09-10 17:06:01,2,21.88
561,357,massa donec,2023-04-04 03:51:15,5,88.04
559,358,metus vitae ipsum aliquam non mauris,2022-10-28 06:52:41,5,75.04
83,359,ut,2023-01-12 14:44:41,3,59.66
720,360,justo sit amet sapien dignissim,2022-05-27 18:19:09,4,40.42
532,361,cum sociis,2022-06-30 15:49:01,1,99.16
135,362,posuere cubilia curae duis,2022-10-31 03:23:16,5,26.16
930,363,aenean lectus pellentesque eget,2022-09-03 05:18:09,4,62.56
965,364,mauris viverra diam,2023-01-07 03:24:08,5,15.15
120,365,nonummy maecenas tincidunt lacus at velit,2023-02-22 01:58:21,3,5.68
701,366,euismod scelerisque quam turpis adipiscing,2022-05-06 21:10:30,5,90.7
101,367,ipsum aliquam non mauris,2023-04-01 05:19:46,2,92.05
655,368,leo odio porttitor id consequat in,2023-01-29 17:59:41,2,54.57
995,369,lacus at turpis donec posuere,2022-08-20 02:31:11,2,35.58
613,370,integer ac leo pellentesque ultrices mattis,2022-08-08 17:36:19,3,59.19
254,371,felis eu,2022-08-31 21:52:25,1,56.85
218,372,justo in blandit ultrices,2023-04-15 16:32:14,3,85.68
740,373,donec diam neque,2022-09-20 14:13:54,5,92.84
757,374,mauris enim leo,2022-12-13 05:56:16,3,30.56
960,375,risus dapibus augue vel accumsan,2023-01-01 23:48:08,4,41.83
413,376,consequat in,2022-04-30 22:49:59,3,72.37
277,377,dapibus duis,2022-04-23 09:46:23,1,41.5
90,378,erat curabitur gravida nisi at,2022-10-27 02:19:27,4,13.85
641,379,luctus et ultrices posuere,2023-03-08 13:12:51,1,82.25
501,380,nisi nam ultrices,2022-07-11 22:50:01,2,87.4
838,381,maecenas leo odio condimentum id,2022-07-13 19:46:08,4,5.21
424,382,erat nulla,2023-02-16 12:50:29,3,37.58
486,383,semper interdum mauris ullamcorper purus sit,2023-02-27 01:53:00,4,14.5
797,384,sapien non mi integer ac,2023-01-07 07:10:09,5,57.68
744,385,sem fusce consequat nulla nisl,2022-06-12 05:09:45,4,95.71
466,386,eu magna,2023-03-27 18:44:10,3,14.67
822,387,nulla,2023-03-21 21:03:41,1,16.21
753,388,congue eget semper rutrum,2023-03-22 11:54:33,5,41.2
316,389,sapien quis,2022-06-03 06:08:10,1,27.5
265,390,vestibulum quam,2022-10-27 05:20:30,2,87.16
986,391,iaculis congue,2022-06-23 09:02:53,2,68.85
620,392,iaculis congue vivamus,2022-04-20 19:36:08,3,36.08
198,393,id justo sit,2022-11-06 01:48:29,1,89.88
36,394,dis,2023-03-19 20:37:13,2,97.74
511,395,tortor,2022-08-24 16:56:49,3,52.95
331,396,lacinia,2022-09-10 13:06:50,3,52.49
21,397,nisi,2023-01-14 19:28:44,3,46.23
813,398,ante vestibulum ante ipsum primis,2023-03-06 20:11:48,2,96.2
522,399,diam neque vestibulum,2022-05-22 00:10:51,1,54.29
445,400,nunc nisl duis bibendum felis sed,2023-04-16 23:13:52,1,59.19
440,401,aliquam augue quam,2022-05-08 17:18:36,5,35.25
618,402,ante ipsum,2022-07-04 04:30:16,2,6.32
850,403,eros viverra eget congue,2022-09-21 13:25:14,2,96.2
820,404,sollicitudin,2022-07-06 05:52:30,4,81.95
370,405,proin leo,2023-03-08 17:03:17,4,66.6
570,406,posuere,2022-12-28 09:33:13,2,29.15
95,407,tristique tortor eu,2022-05-14 18:39:56,4,96.71
673,408,augue quam sollicitudin vitae consectetuer,2022-12-02 15:10:13,4,49.85
388,409,primis,2022-08-11 03:35:17,5,58.03
55,410,vitae consectetuer,2023-03-13 20:26:04,4,74.85
246,411,eu,2022-06-12 21:37:31,3,55.2
237,412,ipsum primis in faucibus orci,2023-02-14 15:22:16,3,96.16
506,413,tristique est et tempus,2022-05-03 11:29:43,1,88.6
728,414,risus,2022-06-22 16:02:56,2,40.86
30,415,vestibulum sed magna at,2022-09-14 11:40:57,2,83.04
678,416,morbi porttitor,2022-05-18 21:17:09,3,81.7
701,417,euismod scelerisque quam turpis adipiscing,2022-11-15 21:26:08,4,94.89
411,418,est congue elementum in hac,2023-01-07 19:48:10,3,64.38
921,419,fusce consequat nulla nisl nunc nisl,2022-07-08 03:08:24,3,21.07
279,420,non mattis pulvinar,2022-06-03 10:49:47,5,32.87
375,421,ut massa quis augue luctus tincidunt,2023-02-06 05:55:06,3,14.96
443,422,in magna bibendum imperdiet nullam orci,2022-05-12 07:30:55,4,54.36
869,423,vestibulum sagittis sapien cum sociis,2023-01-14 17:54:10,5,9.62
782,424,congue risus semper porta,2022-10-12 00:47:43,3,15.18
559,425,metus vitae ipsum aliquam non mauris,2022-12-03 17:30:48,5,72.16
486,426,semper interdum mauris ullamcorper purus sit,2022-08-03 18:55:29,5,44.29
337,427,rhoncus,2022-10-29 11:51:44,5,83.75
340,428,mi in porttitor,2023-04-18 01:09:44,2,93.54
936,429,in hac habitasse platea dictumst morbi,2022-06-28 20:04:54,5,13.42
221,430,cursus id turpis integer aliquet massa,2022-08-17 03:27:02,5,33.07
642,431,interdum,2022-07-28 02:21:37,2,45.21
194,432,eros suspendisse,2023-03-20 17:29:51,4,84.16
65,433,id ornare imperdiet sapien urna,2022-12-19 20:41:07,1,90.72
354,434,nulla sed,2022-09-26 13:00:58,3,58.17
472,435,in libero ut massa,2022-08-03 04:27:43,4,7.77
657,436,pede,2023-03-05 06:25:00,4,55.93
783,437,et ultrices posuere cubilia curae,2023-03-11 17:39:17,3,86.25
666,438,orci luctus,2022-11-26 10:53:05,2,65.54
667,439,id massa id nisl venenatis,2022-08-29 03:32:32,1,83.19
868,440,nascetur ridiculus mus,2022-11-15 04:00:12,1,77.45
721,441,aliquet at feugiat non pretium,2022-05-26 03:54:56,5,80.44
125,442,dui vel nisl,2022-05-21 02:38:15,2,8.39
942,443,faucibus orci luctus,2022-11-06 20:32:24,1,38.43
662,444,venenatis non,2023-03-27 08:56:19,3,24.74
234,445,donec pharetra,2023-01-14 00:56:09,5,66.52
990,446,consequat,2023-01-03 21:09:41,2,30.44
341,447,est lacinia nisi venenatis,2022-07-01 21:06:37,2,71.01
790,448,accumsan felis,2022-09-11 02:33:03,5,62.17
772,449,dapibus nulla suscipit ligula in,2023-03-07 14:15:55,1,40.71
577,450,tortor sollicitudin mi sit amet lobortis,2023-01-15 20:33:52,1,9.72
505,451,ante ipsum,2023-03-09 23:37:36,4,46.54
220,452,purus sit amet,2023-02-18 04:39:44,2,82.5
648,453,nulla quisque arcu libero rutrum,2022-11-04 16:18:38,3,42.33
105,454,vel sem sed sagittis,2022-07-15 19:05:15,1,57.84
436,455,consequat morbi a ipsum integer,2023-01-05 19:10:36,1,81.58
984,456,donec ut,2022-10-28 00:09:38,4,13.15
825,457,aliquam sit amet diam in magna,2022-08-29 19:39:57,1,54.61
111,458,dapibus duis at velit,2022-11-15 01:46:31,3,10.3
574,459,amet eros suspendisse accumsan,2022-06-07 16:48:11,3,17.32
810,460,primis in faucibus,2023-03-26 06:27:45,1,85.63
52,461,nulla tempus vivamus in felis,2022-11-07 00:58:48,4,61.59
283,462,enim leo rhoncus sed vestibulum sit,2022-06-14 06:29:58,5,39.37
314,463,cum sociis natoque penatibus et,2023-03-23 22:50:36,5,45.73
371,464,massa,2022-07-20 01:39:21,2,63.65
941,465,velit id pretium iaculis,2022-12-01 17:00:11,5,70.28
868,466,nascetur ridiculus mus,2022-12-16 12:22:30,3,61.67
286,467,et eros,2022-06-23 04:15:39,2,93.22
353,468,mauris viverra,2022-11-30 03:37:29,4,15.83
158,469,maecenas ut,2023-02-11 15:28:47,2,29.9
740,470,donec diam neque,2022-11-21 04:07:09,2,44.41
439,471,ante ipsum primis in faucibus orci,2022-05-23 10:31:43,3,76.88
700,472,dictumst maecenas ut massa quis augue,2022-09-23 04:33:50,1,45.28
71,473,dictumst aliquam,2022-07-28 10:15:23,1,23.11
940,474,erat quisque erat eros viverra,2022-12-03 11:26:14,1,53.26
695,475,pulvinar nulla,2022-08-20 16:17:03,2,79.21
414,476,quam turpis adipiscing lorem vitae mattis,2022-12-17 12:46:44,4,34.9
567,477,neque sapien,2022-06-25 15:43:55,5,28.6
752,478,morbi ut odio,2023-02-15 22:51:24,2,56.19
817,479,ac,2022-08-17 21:46:23,1,42.28
899,480,et,2022-06-07 10:17:29,3,95.2
162,481,turpis eget elit sodales,2022-05-07 22:13:51,3,46.58
604,482,elit proin interdum mauris non,2022-08-07 16:24:01,4,66.81
719,483,porttitor lorem id ligula suspendisse,2022-06-08 10:58:29,1,85.58
28,484,pellentesque,2023-01-14 01:52:38,4,85.82
862,485,quisque ut erat curabitur,2022-07-12 06:45:38,3,6.37
764,486,turpis elementum ligula vehicula consequat morbi,2022-07-31 13:37:16,1,99.51
80,487,orci,2022-07-21 08:04:55,2,80.24
488,488,habitasse platea dictumst aliquam augue quam,2023-02-05 19:28:38,4,3.41
935,489,et magnis dis parturient montes,2023-02-11 08:53:37,4,62.08
859,490,et,2022-12-08 23:37:46,2,56.29
227,491,commodo,2023-04-09 20:22:14,4,24.91
565,492,eget,2023-03-24 22:59:09,5,53.56
332,493,ultrices posuere cubilia curae duis faucibus,2023-02-13 18:14:14,5,45.99
444,494,quam a odio in hac,2022-07-24 06:58:22,5,71.86
5,495,fusce lacus,2022-12-03 21:55:35,1,58.23
768,496,nullam orci pede venenatis,2023-02-19 08:19:18,1,77.14
228,497,nam tristique tortor eu pede,2022-08-09 23:39:14,3,47.52
419,498,sociis natoque penatibus et,2023-01-13 12:48:22,1,21.48
793,499,sociis natoque penatibus et,2023-03-20 03:56:12,1,77.84
800,500,tincidunt eget tempus vel pede,2022-12-03 17:51:06,1,72.67
