programID,numDays,programDescription
1,3,consequat ut nulla sed accumsan felis ut at dolor quis odio consequat
2,6,nibh in quis justo maecenas rhoncus aliquam lacus morbi quis tortor id nulla ultrices aliquet maecenas leo
3,5,nisi eu orci mauris lacinia sapien quis libero nullam sit amet
4,6,mattis egestas metus aenean fermentum donec ut mauris eget massa tempor
5,2,adipiscing lorem vitae mattis nibh ligula nec sem duis aliquam
6,4,aenean fermentum donec ut mauris eget massa tempor convallis nulla neque libero convallis
7,5,magna at nunc commodo placerat praesent blandit nam nulla integer pede justo
8,2,accumsan tellus nisi eu orci mauris lacinia sapien quis libero nullam sit amet turpis elementum ligula vehicula consequat morbi
9,5,sapien cum sociis natoque penatibus et magnis dis parturient montes nascetur ridiculus mus
10,2,ligula suspendisse ornare consequat lectus in est risus auctor sed tristique in tempus sit amet sem fusce consequat
