userID,trainerID,username,userpassword,contact,created_at
1,52,mpargetter0,SG7tqw5ef,Female,2022-08-22 05:42:10
2,266,areimer1,VxusdaCs7CN7,Male,2023-01-03 03:53:15
3,,bdutnell2,by6DUSBDd8J,Female,2022-05-16 03:37:22
4,35,lkenshole3,WuZ6MTXzy0,Male,2022-12-11 02:20:19
5,287,mcolcutt4,wwPaypyBRW,Female,2022-11-21 13:29:34
6,382,rrichemond5,NrK9jGb,Female,2022-05-10 05:27:46
7,117,mseiller6,jwy3uSQX,Male,2023-04-04 03:30:39
8,,lclilverd7,wN3ROst,Female,2022-10-01 05:48:36
9,311,rfairhall8,DagBXH,Female,2022-08-20 15:44:51
10,,mtregear9,PdG7GUsqn9,Male,2023-03-05 07:04:50
11,454,gmaccaheea,JgSqzkKK5a9Q,Male,2022-07-05 05:45:54
12,,ohellinb,YyFNeL2shQ,Female,2022-11-07 16:47:52
13,80,cmcturkc,a1rCqIlsfDH0,Male,2022-04-25 06:54:02
14,130,jhubeauxd,Pn7byUFDk,Male,2023-04-01 00:24:02
15,,emckernone,U6c6z0eCLmib,Female,2022-08-09 03:07:14
16,,hduggetf,ipsOO7JY,Female,2022-06-02 07:18:09
17,,slodderg,x2VUEuAV,Female,2023-03-04 15:44:58
18,94,rklimpkeh,GJhfxoKvyxP0,Female,2022-05-29 14:13:01
19,,mmurdyi,DpTcshPv6U,Female,2022-12-04 09:13:03
20,,rboxenj,3rZCYNZarp9,Female,2023-01-31 15:15:49
21,244,eeamk,oT8do2B,Female,2022-08-10 10:05:38
22,275,swoolardl,5PQnJ9to2i,Female,2022-11-01 23:38:02
23,164,bdoswellm,bg8vNzY,Female,2022-09-02 14:39:21
24,93,hpitmann,YKVq3yl,Male,2022-10-03 02:50:43
25,83,epollando,mslfdblZlDAO,Male,2023-04-08 07:57:44
26,165,cboldingp,H3VU8xk,Male,2022-11-04 09:52:48
27,,lojedaq,yCHitZDyfY,Bigender,2022-05-14 08:19:16
28,,ckynforthr,EBLxX70Gl9OT,Female,2022-12-19 01:06:15
29,171,zramsteds,4FvZxSv,Male,2022-12-06 20:02:28
30,,mcaryt,CUqHohgm,Genderqueer,2023-02-23 14:58:09
31,148,kwaisu,oqLWE2K,Female,2022-07-28 23:47:42
32,340,ahayesv,EyMhJG4cK,Male,2022-10-04 14:13:32
33,,mcockshotw,XgNQNiJVEt,Female,2022-12-02 14:45:55
34,470,joughtonx,MqFfuZ7jYNw,Male,2022-08-31 15:24:06
35,,dmcmylery,FYpusm5SrL,Female,2022-09-24 05:07:31
36,300,cpeskettz,8j8IwCr,Male,2022-07-28 13:48:56
37,144,rmacglory10,PQEvQ8aE,Male,2022-12-07 17:27:40
38,469,jhubbucks11,rDA47vRzJ,Male,2022-10-11 19:18:39
39,,ipendleton12,bajcHSX,Male,2022-10-19 11:48:42
40,,dallender13,Lp2diK2a,Male,2022-12-02 11:18:21
41,450,cashworth14,8NOPKnNTgj,Female,2022-10-27 22:02:57
42,338,fjeratt15,1nftztjwK,Female,2022-10-14 10:21:44
43,,apentelo16,SAvGbe5bA,Female,2023-01-27 08:44:10
44,125,asimyson17,YJhD0g9Vb0,Male,2023-02-22 14:40:18
45,394,jasson18,ioS2u4ej0Hc4,Female,2023-03-08 16:21:39
46,173,vvongladbach19,j7JhHTa2M6,Agender,2022-06-19 19:04:28
47,,mroughan1a,9al2n3,Female,2022-10-28 04:56:24
48,,dabrahamovitz1b,wPThnpAlcM5,Male,2023-01-21 05:38:44
49,377,atebbs1c,u8XZx2wZA8aW,Female,2023-02-18 15:13:19
50,138,wrene1d,18qQRjIB,Male,2023-02-08 08:17:08
51,,nfaulconbridge1e,ixMp4mq,Female,2022-11-12 05:46:46
52,268,gtonepohl1f,1BkfXqoqMdce,Male,2022-08-21 06:45:20
53,,dmatchett1g,Ba01YCtJlwR,Male,2023-03-15 00:19:26
54,313,csouten1h,HrF26z,Male,2022-11-30 00:17:54
55,,cbraemer1i,BS4McNpW,Female,2022-05-08 18:23:00
56,36,bdurrad1j,Jyk7trO,Female,2023-01-17 20:43:30
57,,sgenicke1k,6Zjy6Qm,Female,2022-05-31 15:00:09
58,181,aradenhurst1l,PIDuPRWRLAf,Female,2022-05-19 03:33:03
59,,ciddens1m,9sZ2kROJ1qs,Agender,2022-10-06 08:19:16
60,,jroebuck1n,wcNDA81,Non-binary,2022-06-09 20:51:52
61,307,sdorking1o,u64byKhn,Female,2022-06-02 16:32:20
62,86,lrobeiro1p,2cDY7AUNU7T,Male,2023-03-23 08:22:14
63,324,astonehouse1q,OZpUWLi6w,Male,2022-08-16 14:55:03
64,494,sdearing1r,baG7fB1byux,Female,2022-10-09 05:54:10
65,,gkunat1s,G7a0Nf2Z2DS,Male,2022-06-27 01:50:42
66,276,wavramchik1t,yRJRnbro0N,Bigender,2023-03-05 05:13:07
67,,kcicchelli1u,6pC2U4iHcB,Female,2022-09-08 13:39:50
68,478,ffussie1v,hBv5fV0F7,Female,2022-06-11 21:00:09
69,286,rscoffham1w,tRhw51QpB,Female,2022-05-03 01:00:13
70,164,iwhitta1x,peXkHljMIL,Male,2022-11-17 02:03:14
71,131,krupp1y,51CqrlP3UIF,Female,2022-12-04 13:34:35
72,,cedmonds1z,abYFVmeEnf,Female,2022-10-20 02:21:29
73,,mcarlesso20,SOcOgmKgQ,Female,2022-10-21 05:57:57
74,170,rkleinplac21,p9ANeSW1,Female,2023-01-01 10:10:28
75,,wmccurley22,PDi1JMKM,Male,2022-07-05 14:40:26
76,,scecere23,MW2FjFCDxww,Male,2023-01-20 14:30:40
77,482,llemarchand24,oVt5eCqXrq03,Female,2022-10-01 14:54:54
78,279,fpietrzyk25,m8VzjqEA8Qe,Agender,2022-07-02 05:59:13
79,56,pdandrea26,z9ftLU1UZrf,Male,2022-10-02 05:09:42
80,,kburridge27,s2X85TO,Female,2023-03-11 01:46:20
81,376,mferrettino28,SAaxKc,Female,2022-05-23 04:17:19
82,11,gbearne29,buQnEz,Genderfluid,2023-01-29 11:11:13
83,307,gsegot2a,PQIgZjM,Male,2022-09-15 08:07:18
84,,hsheran2b,eLPEbalbWrc,Female,2022-09-01 10:54:59
85,116,cnuttall2c,vhszzg,Female,2022-07-28 05:33:18
86,110,anelson2d,luMLvjmdx,Male,2023-01-24 00:56:00
87,323,bbart2e,4N4UkM0Zn,Male,2022-12-22 15:54:22
88,124,rlorie2f,UySwS0WeA5H,Male,2022-09-05 05:29:21
89,,bkauschke2g,SVJojoY,Female,2022-10-26 03:34:44
90,,jcastiglioni2h,tFoiRvks,Female,2023-03-20 20:36:54
91,378,callsepp2i,54s1OxAema,Male,2023-01-13 22:19:15
92,103,ttomaszczyk2j,3UdbKiER2,Agender,2022-11-09 16:25:13
93,186,gwynrehame2k,hfLfMmei,Male,2022-05-29 02:52:45
94,350,wmardell2l,tevw5AF,Female,2022-08-04 10:24:17
95,256,rbointon2m,fw6xQ6O7Rn,Male,2022-04-30 20:16:47
96,244,cmcswan2n,p4p9jt8fp,Male,2022-06-16 22:52:21
97,314,hpomery2o,PggZJLx,Female,2022-10-30 07:18:31
98,38,dbrooksbie2p,tbyGLdwvI1U,Female,2023-02-09 08:56:15
99,,jtrencher2q,xQMiPLQQ,Male,2022-11-09 21:01:58
100,,ehutt2r,NvefrHu,Male,2023-03-12 16:22:45
101,,nwoodhall2s,xlnbufu0,Female,2022-06-23 10:43:53
102,,lburdass2t,rHD0FJ0sz,Bigender,2023-04-08 15:06:02
103,,jgrindall2u,6YRdcNsi2c,Female,2022-10-28 09:54:25
104,,cbeausang2v,SShJN1qTtO,Female,2022-06-30 19:48:33
105,132,cmayers2w,woeflK,Female,2022-05-07 18:10:32
106,79,cdumphrey2x,ODlmDoXGtN8m,Male,2022-05-05 08:02:19
107,94,ripsgrave2y,iMyBvBAAs6jr,Polygender,2022-05-08 22:57:53
108,,fbramble2z,NhfouM810tp,Male,2022-10-29 03:42:39
109,,kstanway30,d28Mz7akv,Male,2022-07-09 23:15:05
110,,dburcher31,sItoBZSGxdrX,Female,2022-06-12 23:58:05
111,64,hboam32,LaAO9W54B,Female,2022-07-20 04:35:39
112,270,apedrazzi33,sv75Yv,Female,2022-08-22 03:40:56
113,47,gmaunton34,hf9M7LiB4AZi,Male,2022-12-27 05:43:16
114,359,lkesper35,JbZbLqj540K,Female,2022-11-14 17:50:56
115,37,gingraham36,Un48Sl,Female,2022-10-09 12:03:00
116,221,bdaly37,WP9REhHcn,Female,2022-10-06 04:28:45
117,,mthrelkeld38,b4eXUqIL8Ax,Male,2023-04-11 17:11:59
118,331,nwebborn39,APVN0wvn,Female,2022-05-08 18:11:24
119,340,rdemoreno3a,NJ7Z34dI,Male,2022-05-02 00:34:57
120,,epriestley3b,S3SyZKL,Male,2022-09-14 17:36:25
121,338,cburge3c,7PsAoHJi8,Male,2023-03-16 20:03:03
122,352,sscimonelli3d,rVxTao3,Female,2022-06-06 19:45:06
123,481,lhaill3e,3DMoqlsvm,Male,2022-11-02 00:16:57
124,296,gsimmon3f,Pq8Fm1zkTf,Female,2022-11-13 14:58:27
125,93,tjacquot3g,ybJSioGJlK5,Female,2022-08-22 20:21:47
126,4,cgarrow3h,e2er91,Non-binary,2022-10-02 07:08:54
127,54,oallright3i,DRbeFo,Female,2023-02-16 09:23:28
128,270,cdillingham3j,O9LAuPqN,Female,2022-08-24 00:36:06
129,,mpattingson3k,8OQdMpZx6,Female,2022-09-13 23:45:56
130,177,emesser3l,IGMQGI,Bigender,2022-07-17 16:36:32
131,,lmoulder3m,mLGAi3Eyti4r,Male,2022-11-26 04:28:25
132,464,bkamall3n,AO1hOIwdJxt,Female,2022-04-17 04:27:17
133,433,mwhewell3o,JrPSAZb,Genderfluid,2022-09-07 00:22:18
134,,dcrannach3p,tob5m9rdGJO0,Female,2023-03-11 01:18:01
135,,aarno3q,bfkS94Bq,Female,2022-12-20 03:36:29
136,,rzylberdik3r,NGv1f1tBz,Male,2022-11-21 10:44:38
137,394,dbackler3s,9qrFzgAaV,Male,2023-03-11 01:04:30
138,,gleedes3t,Zb8ZhK87ANZ,Genderqueer,2022-08-16 01:45:01
139,,gburren3u,EeNoNcjs,Male,2022-06-25 23:08:46
140,186,eibbeson3v,7aJbAp,Male,2022-09-08 22:44:38
141,315,bmaccafferky3w,EIS1y5VFX,Male,2022-07-23 21:50:11
142,131,edana3x,BidFh8KjCt,Female,2022-09-21 04:27:53
143,,ecantopher3y,4eZiQ5q,Male,2022-04-27 16:05:41
144,317,nwinckle3z,13ifwY9uN3S7,Female,2022-06-21 05:33:20
145,,sbinyon40,v1S96y11KV,Male,2022-11-02 17:24:16
146,89,eclench41,z2aaMbRQFNT,Male,2022-07-08 04:33:54
147,,jbartkiewicz42,pbW6YjBQ2bY,Female,2022-05-11 14:56:10
148,120,amayes43,dYNNkOp,Male,2023-01-03 03:31:45
149,261,lgrenville44,7bcrdxmCHo2R,Female,2022-12-16 17:56:45
150,134,cdantoni45,MfGUthwwv7,Male,2022-12-21 13:00:32
151,,ncolbert46,rTBh1m,Male,2022-09-12 06:38:27
152,,jidale47,5BHdUkzN,Female,2022-08-13 22:02:31
153,,mtompkinson48,66Z13I,Female,2022-07-04 23:48:27
154,43,wreiling49,yho1p5byfZS,Female,2023-04-04 18:24:31
155,306,lautrie4a,U72zvEB3lcIf,Male,2022-05-27 10:19:09
156,,rmcgillicuddy4b,vTIemeE0eCT,Female,2022-11-20 04:52:57
157,,psearl4c,P9kJ1VsIgAp,Male,2022-08-15 22:44:02
158,171,raudas4d,YoIqXLKt,Female,2022-08-29 19:15:03
159,266,cbelasco4e,87vuHOtwoLl,Male,2022-11-03 06:58:27
160,143,dhelkin4f,1RFpz9vHs,Female,2023-02-28 01:57:37
161,24,mvaugham4g,n5GbNrdvDRJT,Female,2023-03-25 11:11:35
162,8,jnann4h,9VARLz5,Genderfluid,2022-05-03 15:01:09
163,,jventham4i,EuYH4gYGy0l,Male,2022-11-20 22:15:13
164,500,hferriby4j,AsFvVkQOfdi3,Male,2022-11-25 00:51:28
165,219,fcheco4k,mWHOoJFW7M,Male,2022-08-21 06:29:37
166,382,donions4l,9nAPcwzrpSy,Male,2022-10-17 08:57:51
167,106,tcornhill4m,LzzM1A,Male,2023-04-04 16:34:55
168,380,hcowterd4n,uYyhL2,Female,2023-01-10 14:27:07
169,470,calf4o,oizWrkbyddNK,Female,2022-12-23 07:09:26
170,,jmckellen4p,uLxVppKL,Male,2022-08-31 23:16:10
171,115,nbierling4q,ae6CMEqpqfzy,Female,2022-06-10 20:50:18
172,70,mbertram4r,t8L4MdHTL5B,Female,2023-02-23 08:59:56
173,,dtrumble4s,IIJExvRQW89,Female,2023-02-02 01:44:33
174,440,rbroadberrie4t,zOXFDXhekN1,Female,2023-01-08 02:35:49
175,,mvanrembrandt4u,mTt9eIGDv,Male,2023-02-25 01:48:45
176,,bsealy4v,03J73MA0l,Female,2022-12-07 00:58:03
177,,mskeermer4w,gnDWwbHhmtp,Male,2023-04-09 00:02:57
178,,tlambeth4x,M4127cxGlLpT,Genderqueer,2022-11-17 16:18:46
179,,gwoollends4y,ZwiicB8,Female,2023-04-03 02:37:14
180,191,bscatcher4z,QUt4E6C0QfD,Female,2023-03-29 18:16:18
181,435,mcrevy50,QQ2aNsa,Male,2022-07-30 22:00:19
182,252,emcivor51,DcLvyyF,Female,2022-08-02 16:42:45
183,,ewolfe52,1BFvHj1Gta1E,Male,2022-10-03 11:40:00
184,372,mriddich53,fbdXEfXKzSmu,Male,2022-11-14 17:42:42
185,,bhyne54,eUJN8rClY6x0,Male,2022-12-17 17:32:59
186,,bbruyntjes55,p3X4XxY,Female,2023-04-10 02:13:17
187,,lsorrie56,BSM8vYm3,Male,2022-11-06 02:50:21
188,347,ctipling57,rSawHBI0x,Female,2023-04-13 15:10:52
189,,fminard58,P2cnEgHRyDOj,Male,2022-11-04 00:57:12
190,,zatheis59,pyLyQkH3CX,Male,2023-01-05 10:43:00
191,112,dilyas5a,jFGcJS6Az,Female,2022-08-15 10:20:51
192,,alince5b,7fPaD7F6xW6,Male,2022-08-03 14:12:50
193,,mswadden5c,agTbG9Z3MJ,Female,2022-10-09 16:25:09
194,464,zbradder5d,EIWJAZ3THiOe,Male,2022-08-01 06:11:01
195,,bcousin5e,tmJqF9Gn7,Male,2023-01-07 15:56:03
196,,cburn5f,UkitbI48z,Male,2022-10-14 02:46:31
197,22,gireson5g,qZL1ZVHGAByr,Male,2022-08-14 14:15:15
198,,adibb5h,PkozAVo9v,Female,2022-06-20 16:48:48
199,,hmcreynolds5i,KZInyEGy,Bigender,2022-05-09 12:41:53
200,267,lsneath5j,hGMZlZg1sm,Female,2023-01-10 17:51:54
201,65,tbache5k,TPSIhGuMpP04,Polygender,2022-10-12 07:41:25
202,43,itume5l,XCZ8z5,Female,2023-03-26 12:32:33
203,,bferrotti5m,Jn3182Z,Female,2022-11-06 08:08:32
204,269,btweddle5n,yOA4GY0KrV2h,Male,2022-08-14 02:49:12
205,176,keisikovitsh5o,wscFmlU1,Male,2022-06-16 00:15:03
206,,calliband5p,xGyl7j,Male,2022-05-16 15:32:41
207,,vricardet5q,jPVLEn1k,Male,2023-04-12 05:31:07
208,,iborrel5r,iTzcs1SC,Male,2023-04-15 21:52:57
209,233,nmorcombe5s,1n7L6tfbbZ,Female,2023-02-17 19:45:51
210,,utrail5t,m4O6LV5yTC3o,Female,2023-03-30 12:19:00
211,,egeck5u,NxGchy7p0ON,Female,2022-11-13 14:24:07
212,,iteodorski5v,012Mop2vN,Male,2022-12-13 22:10:53
213,,iraulston5w,6PotSFEt9g,Male,2023-02-15 14:09:32
214,454,gosanne5x,OrMzTU9,Male,2022-10-04 12:15:24
215,195,gmaylour5y,xkpiujPzmJf,Female,2023-01-07 07:19:28
216,188,lwinson5z,aPkMQIa,Female,2022-12-31 13:24:54
217,56,pgillyett60,hB90FBgDnG,Female,2022-04-16 08:20:38
218,,ajoburn61,UNz28Vow,Male,2023-01-29 10:45:04
219,,rlorens62,K2AxauZk1,Male,2022-11-22 10:09:29
220,,estatton63,ewxKFO,Female,2022-08-23 06:31:16
221,,wbrosenius64,QIs3Rqjald,Female,2022-04-22 07:49:27
222,349,hlamyman65,IhD8htS,Female,2022-08-02 20:16:01
223,273,tmoncreiffe66,E7aCWPMYFsY,Male,2023-03-01 12:29:53
224,326,jackhurst67,fiz5G4,Female,2023-03-13 03:46:13
225,,ddrinkhill68,wmrZZhVAw1,Male,2022-05-15 12:40:30
226,185,rwilsher69,a6duceSuxpoW,Male,2023-03-22 04:50:41
227,240,jminguet6a,0deRbL,Male,2022-06-27 23:33:46
228,157,esimmig6b,uG7jQjLcQ,Male,2022-11-10 17:43:05
229,,jrolse6c,wPSDyX7VFS,Male,2022-09-24 03:26:11
230,,afitzsimons6d,eUXZYyfLww,Male,2023-01-25 19:12:59
231,192,kharcarse6e,OPIJeeqt3B,Non-binary,2023-04-03 23:14:48
232,214,dcamock6f,iIpQddQz1Y,Female,2022-09-16 17:27:19
233,,ccattlemull6g,2RqnOj,Female,2022-11-09 20:27:17
234,392,svanin6h,2TKl96b,Female,2023-04-05 01:27:47
235,57,sdimitrescu6i,AMwOI4I,Male,2023-01-22 09:20:28
236,88,gmacgille6j,fiJ1XEIOLLv,Female,2022-07-04 00:15:59
237,,rcuddy6k,IdqxYAWN,Female,2022-10-13 04:06:57
238,,hpenning6l,iOD8wR,Female,2022-08-12 14:15:05
239,64,rgoggen6m,CqrclGvm,Male,2022-11-13 09:57:18
240,23,fkleewein6n,e8tUxN9F6ca6,Male,2022-07-01 15:26:00
241,,knys6o,r4gaIJUYin,Male,2022-05-20 12:30:34
242,,uivakin6p,MNmcYsbf,Female,2022-10-12 04:50:02
243,,ghelstrip6q,dV7RARyj,Male,2022-12-02 04:22:44
244,315,mdaye6r,eK9FZXDYLPeO,Male,2022-12-16 20:17:32
245,,nceci6s,y3in57BpkrnO,Female,2023-04-02 01:15:33
246,269,fedmeades6t,sgkdGoh,Male,2022-05-04 15:55:55
247,,dlasselle6u,8g8JNPJ,Genderqueer,2022-04-22 03:30:17
248,,mlegan6v,nouLn1df,Female,2023-04-09 02:12:42
249,120,wburress6w,ynf5aD6G,Male,2022-07-11 03:11:22
250,47,gdudman6x,uPb9qu13Yn,Female,2022-10-07 02:31:33
251,9,lbownas6y,coUYmrGS,Female,2023-03-18 09:16:33
252,243,ekeuneke6z,ZtPiFERnSH,Female,2022-06-15 16:15:11
253,250,mstorror70,GZxFoOnknIxt,Female,2022-11-17 06:46:45
254,187,mclewley71,4ioXIRmg7vHU,Female,2022-10-20 14:46:18
255,74,kwittrington72,mTKPhpLC,Female,2023-01-07 21:55:34
256,,bgristwood73,8cpkk20lK9r,Male,2022-06-15 12:42:21
257,,amathelon74,OQ1VybK5Z1Ln,Female,2022-07-04 16:14:58
258,394,wtippetts75,w73yVoZlGMV,Female,2022-07-13 22:42:43
259,286,gslite76,KShBPBt,Female,2023-03-14 20:53:26
260,,lmanssuer77,0QCaBl1xI3,Male,2022-04-16 02:32:41
261,,kdamerell78,0XI2l9GBjhZ,Male,2023-01-24 23:05:26
262,385,agerrill79,svMdi9,Female,2022-11-30 00:04:52
263,389,dhaslocke7a,LF2lqW,Male,2023-04-08 12:03:50
264,4,lalstead7b,JGQ4TlfR,Male,2023-03-30 21:09:02
265,47,tclimie7c,5AI85BgGY0,Female,2022-07-13 17:47:33
266,,aobrian7d,i6mW6f2ZzULU,Male,2022-07-26 00:43:46
267,211,slounds7e,A1jGm8le,Male,2022-09-09 22:01:47
268,,scaherny7f,0O8Oken2I5jT,Male,2022-04-20 00:12:05
269,473,drolles7g,xZFZXV1,Male,2022-10-08 11:40:59
270,416,nmcgreil7h,2gcgYPD,Male,2023-02-06 19:39:29
271,321,edollar7i,Yb6iBBGWBQmL,Male,2022-05-18 12:55:15
272,,jwalder7j,GyVA0C9iIYk,Genderqueer,2022-10-22 11:06:38
273,93,cmatchett7k,GHIEjunc4BF4,Male,2022-10-27 02:32:42
274,285,wmclafferty7l,Kt2R9iAH2vf,Male,2022-06-25 04:06:06
275,66,sbufton7m,hvud2LDbvKTu,Female,2022-10-29 06:30:30
276,192,ptulip7n,FZeVM21z,Non-binary,2023-01-20 09:00:11
277,60,mspriggs7o,jqEA8e,Polygender,2023-02-02 20:35:51
278,347,rtosh7p,ftxgugfEUY,Non-binary,2022-12-28 09:04:51
279,,hlovat7q,WvlAv0DpfKpb,Female,2022-07-26 17:05:49
280,134,tkuhnke7r,pjSxP0T,Female,2023-04-03 02:51:14
281,,ltreadgold7s,M1Q7ly,Male,2023-02-05 16:32:50
282,79,pvero7t,XM9xkgUE,Male,2022-07-31 07:44:02
283,481,lwoodburn7u,41PxDTqU0Jt,Genderqueer,2022-09-13 10:38:00
284,,bblais7v,1D7Ik5v7c,Male,2022-05-09 23:26:49
285,363,jsimmgen7w,n3F2wGWnfr,Male,2022-11-04 03:29:56
286,,shoffmann7x,L7E9EsY,Female,2022-11-05 10:46:12
287,352,cwims7y,4olyo1Nszh,Male,2022-12-09 09:08:45
288,,jtomasoni7z,SkOjTeRXCEB,Male,2022-12-09 08:10:29
289,319,mschroter80,PSIVvXrpi,Female,2022-09-22 10:22:39
290,,jmccaw81,JJ6QCCAnD,Male,2022-11-26 23:50:38
291,,msturmey82,JXje1y1KD,Male,2022-11-23 20:38:25
292,206,promans83,xXacK5BZT,Bigender,2023-01-07 16:05:03
293,85,vquennell84,bSUs4XRLyMO6,Male,2023-02-10 22:41:43
294,459,mrambadt85,wC5swrlEM7,Female,2022-12-04 16:02:56
295,117,rbampforth86,ny6gUMl82Q,Female,2022-10-28 23:01:41
296,,scattermoul87,CGmTWgllh7U,Female,2022-04-21 22:00:19
297,197,nfurman88,pVj1d3zWO8c,Male,2023-03-30 21:07:29
298,499,cgartin89,YQdThv,Agender,2023-01-07 15:30:20
299,280,gdowning8a,cVOob5,Agender,2022-09-13 11:04:36
300,339,msalleir8b,znTgeMnwmH,Female,2022-09-18 02:09:39
301,192,rhein8c,0VxJzkyJZ,Female,2022-09-06 23:00:49
302,,bbarrasse8d,TRprMAbSpcl,Genderqueer,2022-11-25 00:03:55
303,417,lwardall8e,LOYZ1ynW,Male,2022-07-01 07:29:58
304,336,cgirard8f,tNqjUj,Male,2022-04-23 05:16:58
305,281,kcarrabot8g,eIbJCUEn,Genderqueer,2023-01-22 01:19:29
306,427,ccronkshaw8h,Rj4hJto9FCG,Male,2022-11-07 17:31:35
307,,cbeddie8i,wfVXwT9QzT41,Female,2022-06-04 18:36:57
308,461,tmixhel8j,JquHj8TvxDu,Female,2022-07-07 14:14:44
309,487,mgrieve8k,6VTumC,Male,2022-11-17 17:17:59
310,79,tlibby8l,GgGgUKP,Female,2022-05-16 21:30:04
311,410,kvincent8m,gsNBZsFb1,Male,2022-08-08 14:34:16
312,,gfawdrie8n,IoeOLy9Xa,Female,2022-10-29 06:53:15
313,,mnaulty8o,uhIQn6s4CXv,Female,2022-11-05 09:18:42
314,189,rgreasley8p,DtIkwoPZI,Female,2023-03-27 04:41:28
315,407,waleevy8q,n0vEPAB88H,Male,2022-06-09 10:07:12
316,154,jbarenski8r,GuMs56y6zGR,Male,2022-11-02 23:58:10
317,202,skamienski8s,Z87TpaA,Male,2022-04-29 20:43:08
318,,asheach8t,s32sb5,Female,2022-10-12 18:13:42
319,392,alangshaw8u,wvjITJMxrW,Female,2023-03-02 09:11:58
320,433,aberkowitz8v,nhvijRiH8J,Male,2022-11-08 11:45:07
321,463,cghione8w,h1kGqo,Female,2022-08-13 16:33:14
322,105,fcudbird8x,icci96,Female,2022-12-02 20:26:33
323,,aingerman8y,ayfNnF,Male,2022-05-30 02:18:29
324,301,mvuitton8z,GfjcYaFNXrdZ,Male,2022-12-20 17:44:42
325,111,thaggett90,bKUSiMd6j,Male,2022-11-01 11:24:37
326,245,hmclese91,uapGXriAzk3n,Male,2022-09-13 13:20:48
327,181,epynn92,k3SvYHo,Male,2023-02-11 07:17:40
328,1,sbrun93,D86Ezq,Bigender,2022-08-18 07:49:25
329,6,bchastaing94,j53OAOSidu,Male,2023-02-16 23:10:33
330,216,durpeth95,K7eILgN,Female,2022-12-30 01:46:09
331,,klux96,ArF1eN,Male,2022-06-12 05:50:55
332,208,tkeson97,6Omjap9,Male,2022-09-18 14:37:10
333,105,gbutterworth98,l4y5Mhf,Female,2022-12-18 02:11:36
334,,pmacginlay99,AuLP8NNtQU,Genderqueer,2022-08-29 20:27:17
335,,mtice9a,xZRxri4c4s,Male,2022-10-25 11:05:44
336,,osherbrook9b,I9pNyM,Female,2022-09-19 04:51:21
337,,tbarsam9c,HBpzkg,Male,2023-01-24 22:04:50
338,,hhoogendorp9d,V3DLGYyqXfBF,Male,2023-02-08 09:24:54
339,70,spound9e,Qo6SLM3ni,Female,2022-11-15 15:00:26
340,150,nnyland9f,v0UEogvyFd,Female,2022-09-01 00:14:13
341,206,lfrissell9g,4zjN7IO6kZh,Female,2023-02-14 10:12:35
342,,lkildea9h,pOJ9Je,Female,2022-04-23 13:16:44
343,,ctate9i,WBfTOq,Female,2022-04-26 20:11:08
344,,abalhatchet9j,ckqcLh1v,Male,2022-07-29 11:48:34
345,419,rgutteridge9k,5KqCljEkOYmf,Non-binary,2022-09-22 23:20:54
346,315,goveril9l,QGIvwg,Male,2022-06-21 02:34:48
347,,solle9m,8E6FfCCWb,Bigender,2022-09-09 13:36:18
348,3,cgerraty9n,zVlVbq,Female,2023-03-26 05:09:17
349,,ceseler9o,WCSFOpFfWPD,Male,2022-06-30 10:04:02
350,147,coller9p,mr4pAdU6h1,Female,2023-01-01 20:00:51
351,186,cemmerson9q,p8ECNFhRBoS,Polygender,2022-11-27 11:44:18
352,,nlevecque9r,nsT0nO6gAW,Genderfluid,2022-11-12 03:45:56
353,344,jmendez9s,nbaOuxMM,Female,2023-04-01 01:53:42
354,38,hsmolan9t,sgdD1R,Male,2023-03-19 04:23:12
355,327,ajudron9u,R78ZEbhrXwjp,Female,2022-06-14 20:09:22
356,,jrattray9v,LMfimzOgGO,Female,2022-08-31 02:23:30
357,,pmacgiollapheadair9w,SWmc9YhJfVu,Male,2022-06-21 01:56:21
358,,rriddell9x,dxpau2N2sBAv,Female,2022-06-18 02:41:20
359,226,snast9y,hHFK1Eb,Male,2022-11-20 07:38:31
360,60,jvoyce9z,sp0SlIYF26,Female,2022-08-05 15:15:06
361,16,rcomoa0,YJH3wowcN,Female,2022-11-26 14:41:53
362,,rharmoura1,GM4uMP1JFe,Female,2022-11-05 23:08:46
363,,iradwella2,JdQ23052,Male,2022-06-08 07:53:37
364,,gscuddera3,iBNyQTctG5j,Female,2022-12-15 07:26:02
365,269,oricioppoa4,0CPsTPJ7G6,Male,2022-11-03 21:00:01
366,25,kblincowa5,PScMvKQwG,Bigender,2022-05-05 05:34:45
367,253,ndosdilla6,7oHFuCF96c,Agender,2022-12-16 07:26:44
368,482,tdedmama7,XvMyhW,Male,2022-08-04 05:03:28
369,433,tsudddarda8,3qkN1hvf9P,Male,2022-05-24 19:56:48
370,386,wsnedena9,dWoq0m,Female,2022-08-04 05:20:12
371,,kbremmeraa,UXb0tphU8,Male,2023-03-24 05:23:31
372,,cscardab,09kqJOZcS,Female,2022-12-12 03:43:56
373,7,mlotteac,kWX71C2tB,Female,2022-04-26 06:06:43
374,323,aeslingerad,i9cwCvgcQs,Female,2023-03-08 23:38:30
375,,skryszkieciczae,tfe1f6ri8,Female,2023-02-27 10:14:02
376,,jjervoiseaf,OERBbg,Male,2022-05-31 19:01:42
377,,gjoannidiag,GktXAW7AKcx,Male,2022-05-17 22:59:40
378,102,bgoodersonah,iFXvJOH03qy9,Female,2023-04-10 23:37:44
379,,glocklessai,8qVe8wHuY,Male,2022-07-10 04:49:42
380,425,jredleyaj,RrZBLqfw,Female,2022-08-11 17:12:24
381,,mvardenak,Rf4I8Dz,Female,2023-01-27 10:31:39
382,,hbeevisal,ucD3utd12Gr,Female,2022-08-15 19:49:57
383,149,tlorimeram,9WkA92G8,Female,2022-07-17 14:05:55
384,483,gbernhardssonan,j0CkfC,Female,2022-08-28 16:33:12
385,,dkeepao,TIZHb2848,Female,2022-05-27 07:34:10
386,488,mgallyonap,PJ5ujIRBRYn9,Male,2022-12-01 22:00:19
387,,lneasamaq,g7eTEDb7x9ec,Female,2022-12-18 06:48:51
388,122,cmcaleesar,Mpbz5NXUeK,Male,2022-08-29 15:48:17
389,,jburvillas,JKDe8Pao1tPt,Female,2022-07-13 11:26:21
390,184,lkilbornat,5gH8hiMVdz,Male,2022-09-22 09:02:06
391,,rlitherlandau,7xiNtY88nimg,Female,2022-06-09 17:27:24
392,71,jmaccumiskeyav,MaIJcBmhAE8F,Female,2023-02-22 12:20:19
393,30,mfolanaw,bomBYax,Female,2022-05-03 21:35:20
394,165,fflauneax,RYbEzLdOs5l,Male,2022-10-16 12:23:10
395,44,lathertonay,yyyVJn1QJr,Male,2022-08-07 20:47:19
396,224,nhutcheonsaz,mTqwGeNqh,Male,2022-11-18 20:39:55
397,407,megintonb0,urEapNwxMnxh,Male,2022-12-26 17:23:09
398,,idibnerb1,oNyEzvRjOVk,Male,2023-02-22 03:46:23
399,485,jbeslierb2,gXsyvJcjyJKe,Female,2022-12-15 07:09:07
400,134,ncannonb3,vUNLsUAdPsf,Female,2023-01-23 04:52:44
401,,gfentyb4,4EeFy0bpU16,Male,2023-02-21 13:49:19
402,438,gshevellb5,2xgG5dBV,Female,2022-06-01 05:54:04
403,186,rbankhurstb6,8qQUv8,Male,2023-03-08 04:59:15
404,,mwelburnb7,CEdh0B,Female,2023-03-19 10:54:31
405,,afealeyb8,zLAZ8tKB,Female,2022-05-22 09:42:39
406,107,rguerreaub9,hLc35qIRQXO,Male,2022-09-15 07:34:15
407,,rellarba,nV29q5WIxj,Female,2022-05-14 15:26:55
408,,smoranbb,WMPCbdLFSyy,Female,2022-08-23 13:33:07
409,300,ldenecampbc,XAu5VyUt0d,Female,2022-10-25 19:14:23
410,,gjiroutekbd,8sOCWtqre0Dy,Female,2022-05-25 02:59:00
411,488,ewulfingerbe,azJGM5pjEKKs,Female,2023-01-06 06:54:35
412,,pdellcasabf,lzY2KrLRax9S,Male,2023-03-12 05:18:36
413,217,acarlillbg,OPRhRPH,Male,2022-08-30 20:33:19
414,480,gforesbh,Gh00Bn,Male,2023-02-10 20:52:49
415,,rloftingbi,NJhm9lRfoJ,Female,2022-11-08 07:10:05
416,,jhollingdalebj,eVvVAF,Male,2023-01-08 23:59:56
417,52,lnellisbk,v5FyK9CFV,Male,2022-11-05 01:58:17
418,,mstertebl,UZoEws3,Female,2022-08-16 06:46:47
419,499,agoldsworthybm,0cNYz0cCf3,Male,2022-06-14 01:39:15
420,444,atorrecillabn,QTA8RQ,Female,2022-10-19 05:47:40
421,102,miaduccellibo,DIVIvpo,Female,2023-03-02 05:55:51
422,,frufflesbp,sZHYpteNeK,Male,2022-07-31 10:53:22
423,155,dreubbensbq,RUQtx9K,Female,2023-03-22 20:37:16
424,202,rrogezbr,ZpY4cblY,Male,2023-02-07 04:57:46
425,204,btitcombebs,TMyx4n5V8,Male,2023-04-04 11:49:52
426,213,rsyalvesterbt,VwUHyBKbubq,Female,2023-02-07 11:11:09
427,284,sdanielisbu,fEWqgsVwxN,Male,2023-03-07 10:02:05
428,22,tgarnhambv,8PwEffF,Male,2022-08-24 10:06:20
429,,lbuckhambw,VaqtfXMVE,Male,2023-03-05 04:29:11
430,488,hrockcliffbx,XplBdlou3VTL,Male,2023-01-25 09:46:06
431,115,hbreslauerby,yWtTG6ndyR,Female,2022-10-18 08:58:35
432,,dshinnbz,dGjedD,Male,2022-10-01 22:39:55
433,,jhazeupc0,5AZepNkL26,Female,2023-01-31 18:15:41
434,40,mjurgensenc1,izb5BPsrQ,Female,2023-03-30 11:02:33
435,251,mbedomec2,9D8aVpflQ957,Female,2022-06-29 19:03:50
436,,rerrolc3,8DOXnv11U,Female,2023-03-05 14:28:44
437,439,asingletonc4,N8h4eb4e,Male,2022-08-06 14:58:48
438,176,sdanslowc5,3lThbjg,Male,2022-10-04 10:04:17
439,441,ideganc6,RIIcllG,Male,2023-01-26 08:28:39
440,,npoytresc7,ssHagm,Male,2023-01-26 08:03:55
441,350,acac8,TUMKB7du7,Female,2022-11-02 19:15:40
442,135,lpoylec9,v17OXBSw4E,Male,2023-04-04 09:43:25
443,80,llimrickca,yT4YwYGdUmF,Female,2022-04-30 15:46:54
444,,bgrinhamcb,u9Ec20Qa1Iw,Female,2022-09-14 07:34:16
445,,sgrammercc,3D7NeubsRRk,Female,2022-10-10 06:34:27
446,139,pgianasicd,5wp0F6Lb5VbE,Male,2023-04-11 15:07:00
447,,relyce,0yamEerdB8o,Female,2023-02-20 23:26:08
448,51,jlorenzcf,UpxWlVJQ1sNP,Female,2022-12-27 10:04:32
449,285,rperringtoncg,rivjszKD,Female,2022-05-31 08:55:02
450,442,cwrassellch,GUdLmmrs,Female,2022-07-29 23:19:48
451,64,ctoothillci,zx5GNLN9VOmI,Male,2023-03-12 07:47:52
452,,jhankinsoncj,nSnPaj8TmD,Male,2022-08-29 05:19:51
453,34,wbittlestoneck,D0uOMpPRh,Female,2023-01-15 00:38:38
454,36,gmackeancl,7PLik6YXP,Female,2022-06-03 03:34:47
455,445,bwarrinercm,CFoPDLYFa3F1,Male,2022-11-22 03:49:20
456,,bjanikcn,fzwrYiktfN,Female,2022-09-19 21:41:58
457,,kcarlco,s22kEU420,Female,2022-06-15 14:54:42
458,474,gfishlycp,d6y8KoIx,Male,2022-12-21 16:56:33
459,,bfarresscq,nlq6E8zSc,Male,2022-10-09 02:47:15
460,129,gceccolicr,aV3v337GQqdL,Genderfluid,2022-07-17 10:34:48
461,330,fvaudincs,fanA5g4,Male,2023-02-13 19:50:23
462,,nleghct,d0cqh4R,Non-binary,2022-05-18 15:58:12
463,,snellercu,8EFPGLPuPQ,Female,2023-02-28 05:14:30
464,192,lyanshincv,0fnfQAhC,Male,2022-08-30 20:22:46
465,,ctrimbeycw,fwe8RtDD3N7,Male,2022-05-03 04:01:39
466,3,rbramontcx,fycpoDBjQ,Male,2022-11-22 10:00:23
467,318,asparshettcy,9H1J9v5R,Male,2022-08-16 05:11:37
468,103,bcastaniecz,dMUvqRV,Male,2023-03-24 02:55:04
469,,lmiered0,CRekRl,Genderfluid,2023-02-09 00:53:11
470,411,jwaldend1,rZtYkLa76,Female,2022-05-02 17:51:19
471,,dmarousekd2,JPs4aFymoO,Female,2022-12-18 22:56:59
472,,mrobbeld3,D7hDtj4sAz6B,Male,2023-04-09 07:48:53
473,,ljermind4,IWooZCP,Female,2022-06-08 18:41:44
474,75,rbenfordd5,fHDm7KYIRgP,Male,2022-09-24 01:05:02
475,,ajeffreyd6,2RqdaQ1,Female,2023-04-11 13:19:05
476,385,atunnahd7,3T6AdV,Female,2022-07-21 11:10:56
477,146,salliotd8,aUw9tHvPtB,Male,2023-03-23 23:24:32
478,185,aspauntond9,7vaicN,Male,2023-01-29 01:11:50
479,104,vperrotda,IEnBIn8d,Female,2023-01-03 21:06:27
480,,hbuddlesdb,ERJXdtmkV,Genderfluid,2022-07-14 12:48:52
481,15,hgarrigandc,9bS63oSraKB,Female,2022-11-19 04:22:36
482,450,caggisdd,i3bpJbtD,Male,2022-04-22 01:02:42
483,377,astearsde,IX3MT6nP7,Female,2022-10-21 12:47:58
484,497,fyouddf,abXo5l0,Male,2022-07-23 05:31:48
485,329,mblancowedg,VGd3JAk6SvRO,Female,2022-08-09 23:49:58
486,407,ggilldh,gPOxSGpglJG,Female,2022-06-30 12:44:08
487,192,adanigeldi,cvu4IXjO2,Female,2023-03-16 05:11:21
488,,rpoppledj,zMVEId6hc3,Female,2022-04-17 01:58:15
489,375,lkinnendk,ypueGR8az,Female,2022-08-07 19:39:58
490,461,tcrocettidl,51lsVU,Male,2022-07-18 14:10:39
491,116,flabbeydm,mwSrTcfcNkn,Male,2023-01-23 11:43:05
492,247,bwhyedn,EIiXAEAq9EO,Female,2022-12-29 01:34:27
493,371,tmattheisdo,7jnSFUePd,Male,2022-06-23 16:02:00
494,,ekilgrovedp,IVKxzvZFDeyi,Female,2022-10-17 10:09:46
495,348,pjeandetdq,YgjLFhh,Female,2022-04-26 11:28:27
496,470,njemisondr,0gWUMyX,Female,2022-05-23 11:53:58
497,422,bgeillds,2Kdfc9,Female,2023-03-18 19:09:54
498,,gmcmenemydt,ibVd0FG,Female,2022-12-16 00:10:59
499,14,gwarndu,LLHaWIAw3kXJ,Female,2022-12-15 03:54:31
500,278,uhurleydv,jBdaJIGpu,Male,2022-10-10 13:00:51
