exerciseID,max,reaction,userID,ratedate
6,492,vestibulum velit,1,2022-12-14 00:34:17
9,372,habitasse platea dictumst maecenas,2,2023-01-30 16:48:04
5,355,enim,3,2022-10-12 00:07:16
2,127,sociis natoque penatibus,4,2022-07-28 00:42:13
10,401,odio,5,2022-12-01 01:33:00
3,491,luctus et,6,2023-04-06 19:07:24
8,311,aliquam convallis nunc proin at,7,2023-02-20 15:45:21
7,278,nulla integer pede,8,2022-12-02 21:08:46
4,388,gravida,9,2022-05-05 12:16:50
1,156,tincidunt ante vel,10,2022-11-01 18:00:46
8,377,laoreet ut rhoncus aliquet pulvinar,11,2022-06-07 13:09:16
6,332,id mauris vulputate elementum,12,2022-12-21 23:53:29
7,102,semper interdum,13,2022-07-04 18:11:40
9,145,sapien urna,14,2023-03-01 15:39:29
4,137,luctus,15,2023-02-15 23:21:03
10,444,orci vehicula,16,2023-03-27 01:37:35
2,70,consectetuer adipiscing elit proin,17,2022-08-18 22:44:13
1,42,tempor convallis nulla,18,2022-07-10 02:47:09
3,51,ipsum primis in,19,2022-05-23 13:22:23
5,98,curae,20,2023-01-05 19:51:50
4,387,curae,21,2022-11-11 16:02:16
1,151,vestibulum ante ipsum primis in,22,2022-06-28 12:13:40
10,292,eget tempus vel,23,2023-03-13 12:41:45
2,396,odio consequat varius integer ac,24,2022-12-29 15:33:33
8,498,vel nulla eget eros elementum,25,2023-02-11 21:41:49
9,44,volutpat eleifend donec ut dolor,26,2022-04-30 21:24:25
3,250,quisque id justo sit,27,2022-10-09 02:47:58
5,474,diam vitae quam suspendisse potenti,28,2022-10-12 02:35:52
6,408,enim blandit,29,2023-04-13 13:57:37
7,251,magna vestibulum aliquet ultrices,30,2022-10-21 12:13:19
6,387,mauris,31,2022-08-17 12:56:14
10,184,libero,32,2022-05-30 13:36:26
8,240,nisi nam ultrices,33,2022-10-13 03:45:16
2,270,quis lectus suspendisse potenti,34,2022-08-24 16:54:31
9,354,phasellus,35,2022-05-19 10:36:28
4,363,vestibulum ante,36,2022-08-02 02:24:51
1,53,ante nulla justo aliquam quis,37,2022-05-10 17:48:28
7,487,blandit lacinia erat vestibulum sed,38,2023-03-27 06:02:08
5,313,odio consequat varius integer ac,39,2023-01-22 08:38:29
3,345,praesent blandit nam nulla,40,2023-01-06 22:48:18
1,390,adipiscing elit,41,2022-09-30 15:46:42
6,490,nulla tempus,42,2023-03-07 11:04:30
5,130,dictumst maecenas ut,43,2023-02-23 22:07:34
7,261,ac,44,2022-06-26 08:59:00
8,134,accumsan tortor,45,2022-05-25 01:36:34
3,291,amet,46,2022-10-14 07:48:22
2,285,dui luctus rutrum nulla,47,2023-03-22 04:52:57
10,42,primis in faucibus orci luctus,48,2023-01-10 22:23:31
4,491,non,49,2023-01-04 11:42:07
9,485,aenean fermentum donec ut,50,2022-08-20 19:41:32
2,22,erat curabitur gravida,51,2022-08-30 20:55:37
8,435,luctus cum sociis,52,2022-12-24 23:20:38
9,497,vulputate vitae nisl aenean,53,2022-05-18 07:47:51
10,366,consequat,54,2022-05-25 21:12:00
5,178,interdum eu tincidunt in leo,55,2023-02-13 13:03:18
3,27,quam,56,2023-04-16 15:37:37
4,478,sapien placerat ante nulla,57,2022-05-25 07:41:08
1,272,adipiscing elit,58,2022-07-14 01:37:18
7,325,curabitur gravida nisi at nibh,59,2022-11-19 04:51:52
6,121,nulla,60,2022-12-01 15:57:10
4,44,lacinia erat vestibulum,61,2022-06-02 15:05:08
8,487,integer a nibh in,62,2022-12-01 23:06:45
5,338,elit sodales scelerisque,63,2022-05-11 01:39:14
2,477,interdum,64,2022-07-01 17:45:49
6,242,turpis elementum,65,2023-01-11 22:37:49
7,342,nulla nunc,66,2022-11-14 02:46:25
10,370,vel augue vestibulum,67,2023-01-31 11:28:55
1,43,id consequat in consequat ut,68,2022-10-14 15:58:38
9,395,molestie nibh,69,2023-04-07 00:40:47
3,209,cursus,70,2023-01-27 15:59:26
10,127,mi sit amet lobortis,71,2023-01-07 13:01:10
2,447,justo etiam pretium iaculis justo,72,2022-08-01 13:37:46
3,104,eget semper,73,2022-11-10 18:25:51
5,148,tincidunt eu felis fusce posuere,74,2022-08-17 09:18:33
6,69,sem mauris laoreet ut rhoncus,75,2022-12-06 23:08:57
9,418,amet,76,2023-03-15 12:19:02
1,177,nisl ut volutpat sapien arcu,77,2022-07-13 16:48:39
8,76,massa tempor convallis,78,2022-11-18 18:12:50
7,467,aliquet ultrices erat tortor sollicitudin,79,2022-09-30 09:22:24
4,387,eget congue eget,80,2023-01-15 20:29:25
9,318,primis,81,2022-12-04 16:27:11
1,291,id ligula suspendisse,82,2022-10-23 23:00:03
10,398,purus aliquet at,83,2022-11-09 11:07:14
6,289,ultrices enim lorem ipsum,84,2022-12-17 12:04:33
2,24,dapibus,85,2022-12-28 03:35:31
4,88,nam tristique,86,2023-03-06 06:45:29
8,472,ipsum,87,2022-05-23 20:26:48
5,317,id massa id,88,2022-08-22 16:34:37
7,415,ut nunc,89,2022-05-28 19:31:58
3,479,parturient montes nascetur ridiculus,90,2022-08-07 02:04:21
2,100,amet erat nulla tempus vivamus,91,2022-10-06 10:18:57
10,447,phasellus,92,2022-05-21 06:59:58
1,239,massa tempor convallis nulla neque,93,2023-03-08 03:17:33
9,351,quam pharetra magna ac,94,2022-09-03 14:15:43
3,191,nulla facilisi cras non,95,2022-09-22 16:09:18
5,361,vehicula condimentum curabitur in,96,2022-06-23 04:07:08
4,308,auctor sed,97,2022-08-27 13:13:08
7,447,tincidunt lacus at,98,2022-07-03 08:23:56
8,115,mauris laoreet,99,2023-03-01 22:20:26
6,364,at nulla,100,2022-12-23 20:06:50
8,176,proin at turpis,101,2022-09-12 21:44:04
3,313,convallis nulla neque libero convallis,102,2023-03-19 01:57:42
7,55,odio donec vitae nisi nam,103,2022-08-28 23:20:13
1,37,erat nulla,104,2023-02-18 10:52:00
5,301,elit ac nulla sed vel,105,2022-09-03 12:33:03
2,204,ridiculus mus etiam vel augue,106,2022-10-27 02:57:26
10,410,erat nulla,107,2022-05-18 06:25:51
9,228,a nibh in quis,108,2022-04-18 16:21:43
6,132,sed ante vivamus tortor,109,2022-08-30 10:02:53
4,269,sed lacus morbi,110,2022-05-27 01:21:48
8,300,vel sem,111,2022-08-23 10:30:35
1,409,id luctus nec molestie sed,112,2023-02-21 15:49:42
2,430,massa id lobortis,113,2022-10-29 10:01:38
5,380,erat,114,2022-09-04 23:54:20
10,241,nisl duis ac nibh fusce,115,2022-05-14 03:11:27
6,213,elit proin,116,2022-09-17 07:18:23
7,232,hac habitasse,117,2022-05-23 07:05:34
4,444,sit amet,118,2022-10-23 09:12:30
9,305,etiam faucibus cursus,119,2023-01-20 10:52:08
3,215,orci nullam molestie,120,2022-08-09 12:30:27
1,31,donec odio justo,121,2022-12-28 03:33:02
2,461,tortor duis mattis egestas,122,2022-10-17 10:41:32
7,115,turpis,123,2022-09-18 10:08:51
5,62,diam cras pellentesque,124,2022-08-02 00:20:25
3,251,sem,125,2022-09-12 21:14:10
4,253,maecenas rhoncus aliquam,126,2022-06-17 06:09:40
6,408,non lectus aliquam,127,2023-04-09 12:28:50
9,276,non quam nec dui luctus,128,2022-12-28 01:42:52
8,355,eget eleifend,129,2022-08-12 02:06:56
10,45,vivamus tortor,130,2023-03-02 00:30:31
4,177,ultrices libero,131,2022-10-04 01:01:40
9,258,donec,132,2022-08-21 22:15:30
1,254,blandit ultrices enim,133,2022-05-01 17:23:16
3,429,bibendum felis,134,2023-03-01 23:34:02
5,58,nulla,135,2023-01-05 16:56:17
10,44,odio elementum eu,136,2022-07-03 23:25:27
7,233,rhoncus aliquam lacus morbi,137,2022-07-25 17:21:45
8,289,habitasse platea dictumst aliquam augue,138,2023-01-26 11:36:14
6,204,sed lacus morbi,139,2022-07-20 00:26:22
2,142,massa,140,2023-03-20 20:10:41
2,380,odio porttitor id,141,2022-06-07 13:39:11
9,107,aliquam sit amet,142,2022-07-24 14:33:38
3,472,curabitur convallis duis consequat,143,2023-03-03 19:56:52
4,65,viverra diam vitae quam suspendisse,144,2022-04-20 02:25:52
7,218,amet cursus id turpis integer,145,2022-12-26 18:28:18
1,435,vulputate,146,2022-08-26 01:27:10
5,246,lacinia erat vestibulum sed magna,147,2022-11-05 23:31:20
6,181,sit amet sapien dignissim vestibulum,148,2023-03-28 23:10:58
10,459,volutpat quam pede lobortis ligula,149,2023-02-18 12:45:13
8,30,eu est congue elementum in,150,2023-02-11 22:07:32
1,263,metus vitae,151,2022-12-12 04:29:57
8,36,vehicula condimentum curabitur in,152,2022-06-05 09:41:10
10,27,augue,153,2022-09-16 00:43:48
5,172,orci,154,2023-04-12 19:13:26
4,485,sagittis sapien cum sociis,155,2022-12-16 23:01:09
3,67,consequat varius,156,2023-02-05 10:15:09
7,345,feugiat non pretium quis lectus,157,2022-11-06 02:43:41
6,22,lacus at velit vivamus vel,158,2022-12-08 14:59:02
9,153,tellus,159,2022-11-20 03:59:56
2,358,ut odio,160,2022-10-15 22:19:33
2,201,sapien a,161,2022-05-15 18:56:53
6,120,volutpat in,162,2023-01-23 17:21:03
9,376,turpis integer,163,2022-11-25 12:18:59
10,484,sit amet diam in magna,164,2023-03-07 02:24:44
4,399,consequat nulla nisl,165,2022-08-26 11:55:54
7,225,augue vestibulum,166,2022-09-24 18:45:59
3,285,nisi at nibh,167,2022-07-29 05:12:59
8,401,eu tincidunt in leo maecenas,168,2022-05-08 06:52:25
1,300,consequat lectus in est risus,169,2023-01-14 13:29:58
5,260,morbi ut odio cras mi,170,2022-10-14 19:25:45
2,302,ut,171,2022-06-01 15:32:51
6,431,dictumst morbi vestibulum,172,2022-08-18 07:56:21
1,189,in,173,2023-03-23 14:18:01
8,448,praesent,174,2022-04-20 16:41:25
10,179,ipsum primis,175,2023-01-13 08:32:32
3,123,quisque erat eros,176,2022-12-13 17:34:25
4,230,at ipsum ac,177,2022-07-13 13:38:32
5,85,lectus,178,2022-05-17 06:36:52
9,417,ac,179,2022-12-08 23:59:28
7,49,odio,180,2022-06-30 20:53:03
5,125,consequat morbi a ipsum integer,181,2023-02-25 10:02:11
6,159,orci luctus et ultrices,182,2023-01-05 03:35:28
10,75,duis bibendum,183,2023-01-15 10:45:52
2,122,duis at,184,2022-07-22 12:37:39
7,211,imperdiet nullam,185,2022-06-08 01:23:43
3,111,consequat lectus in est risus,186,2023-01-05 11:03:47
9,260,erat eros,187,2022-05-30 22:03:35
1,143,libero,188,2023-04-02 15:24:00
4,498,erat quisque,189,2022-08-18 22:39:25
8,218,massa quis augue,190,2023-01-18 11:14:54
3,406,dapibus at diam nam,191,2023-03-14 06:44:11
10,97,eget,192,2022-06-08 11:08:00
7,441,turpis nec euismod scelerisque,193,2022-06-30 12:35:27
6,208,penatibus et,194,2022-08-27 14:05:14
9,285,vivamus tortor duis mattis egestas,195,2022-10-11 12:13:23
8,22,sit amet consectetuer,196,2022-05-02 10:49:45
2,21,euismod,197,2022-05-07 12:54:36
5,420,sem duis aliquam convallis,198,2022-06-16 11:16:35
1,274,nonummy integer non velit,199,2023-01-11 01:49:41
4,249,lorem vitae,200,2022-04-25 16:15:29
3,234,turpis adipiscing lorem vitae,201,2023-01-05 21:05:09
4,194,enim,202,2022-09-15 21:07:34
10,63,odio curabitur convallis duis consequat,203,2022-07-27 04:40:04
8,406,tempus vivamus in,204,2023-03-16 02:48:01
1,461,aliquet massa,205,2023-01-17 18:04:20
7,49,justo in,206,2023-01-26 22:29:20
6,98,in faucibus orci luctus et,207,2022-10-17 00:45:34
5,129,bibendum imperdiet,208,2022-08-06 23:58:03
9,359,vestibulum proin eu,209,2023-04-12 07:41:08
2,271,feugiat non,210,2022-07-28 07:59:45
3,60,rutrum nulla tellus,211,2022-08-11 03:26:19
2,157,erat vestibulum sed magna at,212,2022-06-22 07:01:15
6,92,pretium iaculis,213,2022-07-31 09:09:51
9,249,nulla ut erat id,214,2022-05-31 06:37:07
8,33,sed lacus morbi sem mauris,215,2022-05-16 14:10:03
5,390,mi,216,2022-06-10 12:44:15
10,97,magna bibendum,217,2023-01-22 07:49:13
7,388,in,218,2022-10-26 03:52:38
1,252,quis,219,2022-09-20 06:55:05
4,279,hac habitasse,220,2023-03-27 19:31:10
2,456,tincidunt nulla mollis molestie lorem,221,2022-08-28 04:50:02
7,397,nunc vestibulum ante ipsum,222,2022-07-06 11:02:18
5,103,enim leo rhoncus sed,223,2022-06-28 22:45:07
6,325,in faucibus orci luctus,224,2022-10-25 23:50:05
10,164,nibh,225,2022-06-22 09:07:55
1,372,donec semper,226,2022-08-15 23:57:13
9,178,ultrices,227,2022-05-15 21:36:26
4,381,sed magna,228,2022-05-08 10:02:18
8,83,id sapien in,229,2022-07-11 08:52:44
3,223,pede,230,2022-06-28 19:27:00
1,42,rhoncus,231,2022-11-05 07:19:55
9,449,nascetur ridiculus mus etiam,232,2023-01-17 17:05:15
4,274,nam dui proin leo odio,233,2022-11-19 14:22:58
5,21,donec posuere,234,2022-12-15 21:26:42
7,90,felis sed interdum,235,2023-03-30 22:12:29
6,276,dapibus augue vel accumsan tellus,236,2022-11-11 03:47:09
2,150,auctor,237,2023-01-16 02:50:12
3,312,at vulputate vitae nisl,238,2023-03-03 01:28:10
8,414,integer non,239,2023-01-16 04:25:31
10,167,sed,240,2022-10-28 04:01:02
3,331,in imperdiet,241,2022-05-06 12:48:20
1,39,at vulputate vitae,242,2022-12-22 22:46:23
10,465,blandit lacinia,243,2022-10-02 16:36:39
2,68,neque,244,2023-03-09 05:30:30
9,486,in tempus sit,245,2022-11-09 01:11:27
8,411,nec,246,2022-10-06 02:05:02
5,189,sed accumsan felis ut at,247,2023-01-28 09:26:03
4,188,dapibus duis,248,2022-06-04 09:01:29
7,29,egestas metus aenean fermentum donec,249,2022-04-18 20:08:47
6,316,sit amet,250,2023-04-14 07:12:26
9,271,erat,251,2022-05-12 12:37:27
7,140,eget vulputate ut ultrices,252,2022-10-08 22:28:24
1,134,ornare consequat lectus in,253,2022-11-08 19:11:18
4,105,orci luctus et ultrices posuere,254,2022-06-17 03:39:09
3,337,luctus cum,255,2022-06-01 17:53:36
2,186,faucibus orci luctus et,256,2022-11-14 12:01:23
8,311,erat nulla tempus vivamus,257,2023-04-13 03:59:24
5,354,rhoncus aliquet pulvinar,258,2022-11-30 12:35:47
6,23,semper interdum mauris ullamcorper,259,2022-09-04 01:36:59
10,405,quis lectus,260,2022-10-12 16:57:14
6,410,id luctus nec,261,2022-11-25 12:10:53
10,444,pulvinar nulla pede,262,2023-02-01 16:37:38
4,490,nulla pede ullamcorper augue,263,2023-04-14 18:11:02
8,67,feugiat et eros vestibulum ac,264,2022-07-20 19:49:10
7,336,amet erat nulla tempus,265,2022-10-17 14:15:06
2,229,eleifend quam a odio in,266,2022-06-22 12:56:35
9,93,id nisl venenatis lacinia,267,2022-08-26 02:19:33
5,445,primis in,268,2022-09-13 18:02:12
3,421,et commodo,269,2022-09-22 23:47:16
1,257,luctus rutrum nulla tellus in,270,2023-02-17 13:34:47
5,302,ut,271,2022-08-12 07:10:24
6,142,ultrices vel augue vestibulum,272,2022-06-20 05:26:12
7,61,sit,273,2022-06-16 16:45:55
9,462,tellus,274,2023-04-08 00:14:50
1,354,ut,275,2022-11-06 12:19:04
2,377,fusce consequat nulla nisl nunc,276,2022-06-26 21:30:16
4,198,erat,277,2022-06-22 23:20:29
10,264,eu est congue,278,2022-10-31 21:40:43
3,337,ut mauris,279,2022-08-31 18:31:29
8,199,sit amet,280,2023-01-18 12:41:09
3,125,in congue etiam justo,281,2022-07-10 11:52:06
10,315,ultrices enim lorem ipsum,282,2022-06-05 19:21:02
7,370,quis justo maecenas rhoncus aliquam,283,2022-12-11 00:54:31
9,175,metus,284,2022-11-04 17:27:43
2,357,duis faucibus accumsan,285,2022-12-06 17:16:43
4,121,vestibulum ante ipsum primis in,286,2022-08-11 12:50:53
6,20,pellentesque ultrices phasellus,287,2022-10-21 07:29:10
8,316,nam nulla,288,2022-12-12 11:20:46
5,493,rutrum nulla nunc purus,289,2022-06-24 11:59:10
1,165,justo etiam pretium iaculis,290,2022-08-17 19:02:20
10,54,magna at nunc commodo,291,2022-11-23 20:24:42
6,299,neque duis bibendum morbi non,292,2022-04-19 02:27:59
2,424,consequat,293,2022-06-12 04:33:55
9,361,odio cras mi,294,2022-06-12 22:52:32
4,108,non mi,295,2023-01-08 02:29:23
3,103,massa id nisl,296,2022-05-28 06:29:27
7,414,sit amet consectetuer,297,2023-03-05 04:15:48
1,142,nulla tellus,298,2023-02-03 09:22:25
5,440,vestibulum vestibulum ante ipsum,299,2022-10-21 15:36:53
8,300,vel augue vestibulum ante,300,2022-10-12 03:59:32
5,58,at nibh in hac,301,2022-10-17 01:22:38
6,364,ultrices mattis odio donec,302,2022-07-23 17:28:39
1,451,lacinia erat vestibulum sed magna,303,2022-05-20 06:36:11
3,175,eget,304,2022-06-24 10:24:59
9,205,dapibus duis at velit eu,305,2022-08-21 11:53:59
8,193,et magnis dis parturient montes,306,2023-02-28 18:10:57
4,234,montes,307,2023-01-18 14:37:10
10,316,in leo maecenas pulvinar,308,2022-06-26 08:51:20
2,144,lacinia nisi,309,2022-06-22 01:02:26
7,177,pellentesque,310,2022-09-29 10:13:29
7,363,vel accumsan tellus nisi,311,2023-01-20 08:18:29
8,75,eleifend,312,2023-04-09 03:10:38
9,407,convallis duis consequat dui,313,2022-08-21 20:21:53
3,179,erat,314,2023-03-04 23:35:35
1,70,convallis tortor,315,2022-07-12 17:25:00
2,291,blandit lacinia,316,2022-09-06 08:59:40
10,440,orci mauris lacinia,317,2023-01-08 17:43:11
5,233,integer,318,2022-10-29 17:46:41
4,394,in leo,319,2023-02-12 05:04:24
6,443,tincidunt in leo,320,2022-06-21 00:37:56
7,491,diam vitae quam suspendisse,321,2023-03-01 16:53:42
5,396,platea,322,2023-03-01 20:47:42
1,448,lectus pellentesque eget nunc,323,2022-12-12 17:19:15
10,395,pretium quis,324,2023-02-21 09:48:48
9,260,eget,325,2022-06-23 04:27:56
2,367,tellus,326,2022-12-05 11:11:46
6,228,tempus sit amet,327,2023-01-24 01:43:29
8,294,sapien,328,2023-03-15 00:24:04
3,248,in faucibus orci,329,2022-06-19 16:10:52
4,218,eget orci vehicula condimentum curabitur,330,2022-11-21 13:20:39
8,359,pellentesque,331,2022-07-20 13:46:57
4,455,augue vel accumsan tellus nisi,332,2022-11-10 12:05:51
9,337,ut at dolor quis odio,333,2022-07-04 12:15:14
10,487,tincidunt nulla,334,2022-06-27 11:30:42
1,423,lectus suspendisse potenti in,335,2023-03-21 14:55:24
7,154,donec ut,336,2022-11-05 18:37:12
3,132,justo lacinia eget tincidunt,337,2022-07-01 15:48:00
2,64,risus dapibus augue vel,338,2022-07-14 21:39:43
5,311,duis,339,2022-12-23 20:56:12
6,69,at diam nam tristique tortor,340,2022-06-29 12:36:09
7,368,turpis nec euismod,341,2022-09-07 03:52:28
1,161,convallis morbi,342,2023-01-12 04:48:35
9,287,molestie nibh in lectus,343,2022-11-18 07:09:17
6,174,non quam nec dui luctus,344,2022-08-14 11:26:52
2,254,accumsan tortor quis turpis sed,345,2023-03-14 04:47:21
3,445,volutpat,346,2022-07-26 15:39:07
4,403,montes nascetur ridiculus mus etiam,347,2023-03-23 07:33:53
10,75,fringilla rhoncus,348,2023-01-03 20:11:16
8,140,eget tincidunt eget tempus,349,2022-08-02 05:31:51
5,337,condimentum id luctus,350,2022-12-05 14:44:40
10,421,nisl nunc rhoncus,351,2022-12-06 09:15:38
9,265,venenatis lacinia,352,2022-11-14 11:02:49
7,414,suspendisse accumsan,353,2023-01-07 05:11:38
5,231,felis fusce posuere,354,2022-08-27 05:07:43
1,486,integer ac neque,355,2023-02-14 01:12:49
4,284,morbi sem mauris laoreet,356,2023-02-21 18:41:43
8,127,ut tellus nulla ut erat,357,2022-07-12 14:28:57
6,219,et,358,2022-05-17 19:57:14
3,321,aliquet,359,2023-01-11 11:57:52
2,254,mi integer ac neque duis,360,2022-05-08 05:54:54
3,51,volutpat erat quisque erat eros,361,2023-01-18 01:12:27
2,215,integer,362,2022-11-01 14:02:46
4,495,sed lacus morbi sem,363,2022-05-01 13:53:15
8,214,bibendum imperdiet,364,2023-02-25 07:54:56
6,69,potenti in eleifend quam a,365,2022-10-06 07:36:11
7,98,bibendum imperdiet nullam orci pede,366,2022-06-02 11:33:35
9,264,elit ac,367,2022-05-26 19:18:43
10,294,ultrices libero non mattis,368,2022-07-17 22:13:18
5,170,augue vel accumsan tellus,369,2023-03-08 22:49:45
1,335,tristique in,370,2022-12-03 13:50:12
7,134,sit amet,371,2022-06-30 05:21:30
6,48,pede ac diam,372,2022-04-20 00:03:27
9,385,elit,373,2022-05-06 20:10:28
2,274,integer non,374,2022-12-27 19:21:22
5,305,a,375,2022-09-09 05:57:58
8,397,tincidunt nulla mollis,376,2022-11-21 10:15:24
3,485,cursus vestibulum proin eu,377,2022-05-03 18:12:30
4,116,ut ultrices vel augue vestibulum,378,2022-07-21 11:33:11
1,129,vestibulum proin,379,2022-04-30 07:15:16
10,197,laoreet ut rhoncus aliquet pulvinar,380,2022-09-17 22:49:09
4,440,fringilla rhoncus mauris,381,2023-01-16 01:03:51
7,48,purus eu,382,2022-06-18 11:25:57
6,265,at nunc commodo placerat praesent,383,2022-11-05 18:34:57
2,70,eleifend quam a odio,384,2023-01-14 20:07:38
10,39,eu felis fusce posuere felis,385,2023-03-30 04:43:40
9,206,cubilia curae,386,2022-09-22 03:31:28
8,22,sit amet cursus id turpis,387,2022-07-08 06:26:06
3,333,sed accumsan,388,2023-03-23 22:18:42
1,404,vestibulum sed magna,389,2022-09-27 23:36:03
5,475,lorem ipsum dolor sit amet,390,2022-09-30 04:58:03
2,281,lacus,391,2022-09-15 18:55:48
7,389,at feugiat non pretium quis,392,2023-04-12 03:08:52
10,468,consectetuer eget rutrum,393,2023-03-31 07:32:53
4,300,velit eu est congue,394,2022-08-03 22:53:23
1,31,gravida,395,2023-01-25 03:49:21
8,356,augue quam sollicitudin,396,2022-05-29 02:20:37
5,194,turpis elementum,397,2023-03-26 20:57:31
9,274,nulla nunc purus phasellus in,398,2022-11-25 16:30:34
6,265,vivamus tortor duis,399,2023-01-09 20:54:01
3,159,quam sollicitudin vitae,400,2022-11-03 18:56:50
5,33,id,401,2022-06-25 20:41:02
10,245,rhoncus,402,2022-12-04 12:51:35
8,114,consequat,403,2022-05-14 12:00:48
7,119,amet justo,404,2023-02-16 04:02:09
2,343,mattis pulvinar nulla,405,2023-03-31 05:36:17
4,64,quis tortor id,406,2022-09-28 21:45:20
6,162,massa id nisl venenatis,407,2022-09-23 12:03:00
3,54,ut volutpat,408,2022-07-07 09:37:52
1,484,suspendisse accumsan,409,2022-07-05 08:09:41
9,387,erat,410,2022-06-20 16:24:41
8,439,mauris sit amet eros,411,2022-05-25 12:28:19
3,137,lectus pellentesque at nulla,412,2022-11-13 13:48:07
2,343,posuere cubilia curae mauris viverra,413,2022-07-20 05:36:39
10,496,quam,414,2022-04-17 07:41:31
5,135,pellentesque,415,2022-12-01 17:57:28
7,262,nulla tellus in sagittis dui,416,2022-06-11 16:28:52
1,266,potenti nullam,417,2022-10-25 15:41:26
4,193,sodales scelerisque mauris sit,418,2023-01-27 11:35:29
9,77,id,419,2022-07-06 14:29:00
6,296,in faucibus orci,420,2022-11-04 18:39:40
5,293,vestibulum vestibulum ante,421,2022-07-09 18:05:13
4,388,lacinia erat vestibulum sed magna,422,2022-10-02 08:12:13
2,379,ac nibh,423,2022-06-02 20:50:26
1,269,ut nulla,424,2022-11-22 14:35:10
6,215,sed tristique,425,2022-09-02 02:27:26
3,32,penatibus et magnis dis parturient,426,2022-05-25 01:52:37
7,105,pulvinar lobortis est phasellus,427,2022-09-30 00:41:25
8,495,ipsum,428,2023-01-06 07:48:47
10,371,sit amet,429,2022-12-08 04:09:08
9,80,molestie sed justo,430,2022-09-14 18:33:46
7,485,sapien urna pretium nisl ut,431,2022-07-07 08:11:46
5,216,nulla quisque arcu libero rutrum,432,2022-09-21 08:39:27
3,309,amet eleifend,433,2022-09-22 10:38:43
4,166,elementum in,434,2022-12-30 23:48:41
2,493,quis tortor id nulla ultrices,435,2023-04-13 18:44:44
9,72,sit,436,2022-08-24 12:58:05
1,422,pede venenatis,437,2022-09-27 08:12:42
6,483,morbi ut odio,438,2023-03-20 10:11:39
10,128,penatibus,439,2023-04-13 09:29:24
8,250,sodales scelerisque mauris,440,2022-09-13 10:00:03
6,306,at,441,2022-10-20 22:30:00
4,235,pretium quis lectus suspendisse,442,2022-08-17 23:34:46
3,482,id luctus nec molestie sed,443,2022-12-16 10:50:06
1,215,fusce congue diam,444,2022-05-13 20:02:04
2,433,mi pede,445,2023-04-06 20:28:14
10,342,iaculis congue vivamus metus,446,2022-09-26 18:51:07
9,459,nibh ligula nec sem duis,447,2022-07-23 19:01:35
7,236,nam congue,448,2023-01-19 12:58:53
8,431,volutpat eleifend donec ut dolor,449,2022-07-26 02:56:58
5,56,eget tincidunt eget tempus,450,2022-11-23 01:44:37
9,398,magna bibendum imperdiet,451,2022-11-02 15:49:54
7,137,orci eget orci,452,2022-08-14 07:51:01
4,185,duis,453,2023-04-02 02:33:26
5,123,velit id pretium iaculis diam,454,2022-07-19 11:16:09
1,320,pellentesque,455,2022-11-29 17:30:25
3,29,semper interdum,456,2022-11-26 19:42:24
8,380,sapien varius ut blandit non,457,2022-05-25 07:59:33
10,248,aenean,458,2023-01-07 22:45:26
6,280,eu,459,2022-09-06 17:30:40
2,190,vel nulla,460,2022-05-20 13:20:41
3,159,in,461,2022-04-28 16:55:13
5,497,lectus in,462,2023-01-28 23:56:15
9,407,at nunc commodo placerat,463,2022-06-23 05:49:22
10,278,purus eu,464,2022-12-10 01:13:01
6,57,venenatis turpis,465,2023-02-09 21:44:16
4,395,ultrices aliquet,466,2023-02-17 15:53:47
7,316,commodo,467,2022-08-02 07:28:29
8,26,tincidunt eu felis,468,2022-12-18 19:29:18
2,117,ipsum praesent blandit,469,2022-10-08 01:01:09
1,245,a libero nam dui proin,470,2022-07-12 00:34:53
7,80,dapibus dolor,471,2022-11-05 13:37:29
9,236,facilisi,472,2022-10-03 04:58:39
2,65,hac,473,2022-07-09 23:57:57
10,172,nam nulla integer,474,2022-10-21 08:26:37
8,183,suscipit nulla elit,475,2022-08-29 15:36:24
4,409,justo morbi ut odio cras,476,2022-08-13 13:10:13
1,79,neque,477,2022-06-03 07:09:22
6,55,pede posuere nonummy integer non,478,2022-10-14 02:27:49
3,182,ultrices posuere cubilia,479,2022-12-19 15:47:06
5,78,in eleifend,480,2022-05-02 03:38:31
8,259,congue,481,2022-10-28 20:23:10
5,208,quisque ut,482,2023-03-04 00:29:47
6,449,turpis donec posuere metus,483,2023-01-26 23:58:04
10,479,elementum ligula vehicula consequat morbi,484,2022-07-16 11:15:32
1,247,mauris laoreet ut,485,2022-10-20 12:26:54
9,81,lectus in quam fringilla,486,2022-09-06 22:46:17
2,90,neque vestibulum eget vulputate,487,2023-02-22 15:51:36
4,325,sit,488,2023-01-25 20:12:45
7,48,maecenas tristique est,489,2022-07-02 09:15:04
3,230,amet cursus id turpis,490,2022-08-12 09:50:30
5,54,non,491,2022-06-13 18:55:32
6,226,morbi vel lectus,492,2022-06-02 06:05:42
3,216,odio condimentum,493,2022-06-27 23:16:04
2,365,imperdiet nullam orci pede,494,2023-03-10 07:12:22
10,67,eget,495,2023-03-15 08:15:58
9,123,eu,496,2022-12-26 23:31:05
1,389,non,497,2022-08-04 04:50:30
8,456,accumsan felis,498,2022-05-09 21:00:36
4,335,nam congue,499,2023-04-05 11:34:34
7,445,sem duis aliquam convallis nunc,500,2022-06-14 17:37:06
7,304,nisl,1,2022-10-10 17:53:51
9,48,lobortis,2,2022-04-29 10:33:03
10,127,mattis egestas metus,3,2023-03-24 08:59:44
8,471,ligula suspendisse,4,2022-05-27 15:55:57
6,378,natoque penatibus et magnis dis,5,2022-11-16 15:41:32
2,469,dapibus augue vel accumsan,6,2022-06-16 22:33:48
5,417,suscipit ligula in lacus curabitur,7,2022-09-14 19:58:27
1,106,luctus ultricies eu nibh quisque,8,2022-09-08 09:01:44
4,160,potenti,9,2022-07-29 02:36:27
3,483,purus phasellus in felis,10,2022-06-02 23:10:31
8,179,lorem id ligula,11,2022-05-31 10:42:59
10,403,ipsum,12,2022-12-13 22:41:31
2,303,dapibus at diam nam,13,2022-09-11 06:22:03
9,406,dui maecenas tristique est et,14,2023-01-01 05:19:23
6,156,justo lacinia eget tincidunt eget,15,2022-04-19 09:55:41
3,500,in lacus,16,2022-11-09 19:46:48
5,341,eros suspendisse accumsan,17,2023-02-09 01:23:07
1,127,pellentesque quisque,18,2023-04-10 01:44:23
4,347,quis odio consequat,19,2022-09-07 13:34:30
7,147,penatibus,20,2022-06-01 13:17:18
1,496,tempor convallis nulla neque,21,2023-02-12 02:31:58
8,194,accumsan tellus nisi eu,22,2022-05-10 14:39:08
9,288,mi sit amet lobortis,23,2022-10-23 00:21:15
2,418,donec semper sapien a libero,24,2023-01-20 19:44:22
4,384,nisl duis,25,2022-09-22 23:06:10
7,78,proin risus praesent lectus,26,2022-11-15 00:45:59
3,335,ut ultrices,27,2022-09-24 21:53:15
5,388,ut dolor morbi vel,28,2022-06-21 17:49:46
10,31,vestibulum,29,2022-09-23 04:58:25
6,91,id turpis integer,30,2022-12-25 12:53:15
9,452,pede libero quis orci nullam,31,2022-06-27 21:34:59
3,175,in,32,2022-09-28 16:54:04
7,223,ridiculus,33,2022-05-06 02:41:51
6,292,non mattis,34,2022-05-15 22:00:02
8,396,vulputate,35,2022-09-02 07:35:04
5,169,suspendisse accumsan tortor,36,2022-07-12 11:37:56
2,390,nascetur,37,2022-12-24 17:40:20
10,338,vestibulum ante ipsum primis,38,2022-06-12 20:15:07
4,52,venenatis turpis enim blandit,39,2022-08-13 00:39:10
1,59,integer a nibh in quis,40,2023-04-08 09:04:16
2,143,turpis sed ante,41,2023-03-31 02:46:34
10,380,urna pretium nisl,42,2022-07-02 23:15:11
8,154,lacinia eget tincidunt eget tempus,43,2022-08-14 08:14:42
4,180,in hac habitasse,44,2022-06-13 12:11:03
3,139,integer,45,2023-02-14 17:37:01
5,263,ut,46,2022-11-19 19:15:18
7,153,ultrices posuere cubilia curae,47,2022-09-03 05:46:33
6,401,at nibh in hac,48,2022-10-10 01:26:39
1,188,consequat ut nulla,49,2023-02-09 08:39:36
9,281,vitae ipsum aliquam non,50,2022-05-30 14:03:15
5,305,ut rhoncus aliquet pulvinar,51,2023-04-12 12:13:16
4,282,ante ipsum primis in faucibus,52,2022-11-04 20:03:15
7,91,morbi non,53,2022-08-12 05:51:18
3,59,montes nascetur,54,2023-01-29 15:24:26
2,146,vitae consectetuer eget rutrum at,55,2023-01-21 15:23:08
1,279,maecenas rhoncus aliquam,56,2023-02-08 23:35:30
10,115,leo rhoncus sed,57,2023-01-05 01:28:35
9,475,a ipsum integer a,58,2022-08-23 08:28:57
6,369,pede venenatis,59,2022-09-13 23:42:10
8,482,non velit donec,60,2022-07-26 13:35:32
1,395,duis faucibus,61,2022-12-16 14:24:30
6,133,consequat,62,2022-12-26 12:19:59
7,110,sed tincidunt eu,63,2022-04-25 22:42:13
9,422,eget massa tempor,64,2023-01-16 11:41:47
4,275,mollis molestie,65,2022-08-22 22:07:42
10,167,nascetur,66,2023-02-21 20:49:52
2,446,consectetuer,67,2022-06-02 22:17:15
8,81,augue vel accumsan,68,2022-09-29 06:56:40
3,227,vitae ipsum aliquam,69,2022-06-27 05:55:59
5,118,donec,70,2022-06-13 13:45:47
9,340,enim lorem ipsum dolor,71,2022-08-05 06:24:46
1,386,semper rutrum nulla nunc purus,72,2022-09-12 18:32:11
5,423,nisi vulputate nonummy maecenas tincidunt,73,2022-07-13 21:56:48
6,428,magna bibendum imperdiet,74,2022-05-18 18:26:51
7,106,risus,75,2023-04-05 23:42:09
4,364,sapien cum sociis natoque,76,2023-04-16 05:23:10
10,219,luctus tincidunt nulla mollis,77,2023-01-18 20:37:07
3,330,ante ipsum primis in,78,2023-01-25 12:02:08
8,370,mattis egestas metus aenean fermentum,79,2023-01-24 22:59:18
2,137,vitae consectetuer eget rutrum at,80,2022-08-11 00:57:04
4,201,vivamus tortor,81,2023-03-26 22:44:49
6,251,donec semper sapien,82,2022-11-30 08:27:29
8,135,cubilia curae duis faucibus,83,2022-07-24 15:04:36
1,155,interdum in ante vestibulum,84,2022-10-01 17:18:20
5,126,tincidunt,85,2022-12-02 21:50:31
2,330,maecenas tincidunt lacus,86,2023-02-02 14:02:59
7,242,amet turpis elementum ligula,87,2022-04-21 19:48:39
3,418,magna at nunc commodo,88,2022-12-29 10:47:59
9,252,erat nulla tempus vivamus,89,2022-10-21 06:27:00
10,306,molestie nibh in,90,2023-03-05 08:09:13
8,480,orci luctus et ultrices,91,2022-11-02 09:26:11
10,422,nulla quisque arcu libero rutrum,92,2022-08-12 22:26:11
5,428,posuere cubilia curae,93,2022-07-25 09:31:08
7,88,mi,94,2022-04-28 20:33:35
9,495,nonummy maecenas tincidunt lacus,95,2022-10-22 13:19:20
2,487,leo maecenas pulvinar lobortis est,96,2022-04-25 10:38:56
4,463,vestibulum ante ipsum primis,97,2022-12-08 15:36:21
1,401,tempor,98,2023-04-04 06:06:04
6,142,dolor sit amet,99,2023-02-04 13:47:05
3,153,tortor,100,2022-06-05 19:12:42
4,112,vel augue vestibulum ante ipsum,101,2022-07-26 05:42:21
3,265,vitae nisi nam ultrices libero,102,2022-08-16 12:54:32
8,435,imperdiet sapien,103,2022-08-25 13:52:17
10,201,ipsum praesent,104,2022-05-19 23:01:01
7,70,pellentesque quisque,105,2022-11-14 09:10:42
5,176,nulla ac enim in,106,2022-09-25 08:30:04
6,116,cras pellentesque,107,2022-10-21 00:18:28
1,235,bibendum felis,108,2022-12-13 11:42:32
9,425,sed accumsan felis ut at,109,2023-04-01 18:37:44
2,339,venenatis turpis enim blandit,110,2022-10-09 20:18:55
3,481,ante vestibulum ante,111,2023-01-24 15:22:58
2,61,pede justo eu,112,2023-04-09 16:12:17
7,165,etiam vel augue vestibulum rutrum,113,2023-03-24 04:59:16
10,181,massa quis,114,2022-10-01 09:26:51
4,183,odio cras mi pede malesuada,115,2022-11-26 07:31:33
5,469,non mattis pulvinar,116,2023-03-12 15:17:09
1,131,convallis eget eleifend luctus,117,2023-01-19 04:42:42
6,67,in faucibus orci,118,2023-01-31 13:19:38
9,238,dolor,119,2022-05-04 08:26:33
8,417,urna,120,2022-11-13 19:05:54
4,187,turpis nec euismod scelerisque quam,121,2022-09-13 05:46:52
7,379,semper est quam,122,2023-03-16 12:11:37
3,346,ut rhoncus aliquet pulvinar sed,123,2023-01-08 14:47:03
1,112,varius ut blandit,124,2022-05-17 05:05:39
9,204,nunc,125,2022-12-09 02:05:22
5,500,mattis pulvinar nulla pede ullamcorper,126,2022-06-03 01:07:42
10,472,duis aliquam convallis nunc,127,2022-11-16 03:09:37
8,161,ut at dolor quis odio,128,2022-07-31 20:06:35
6,54,duis,129,2023-04-04 16:39:20
2,436,nulla sed accumsan felis ut,130,2022-10-18 15:41:22
9,46,euismod scelerisque quam turpis,131,2023-03-09 05:53:34
8,21,pellentesque,132,2023-03-19 09:26:20
10,181,a odio in,133,2023-03-14 00:53:44
4,466,cursus,134,2022-11-05 02:57:32
1,76,vitae nisl aenean lectus pellentesque,135,2022-05-04 11:01:21
2,244,sapien quis libero nullam sit,136,2023-02-01 12:44:00
3,283,eleifend pede libero quis,137,2022-12-23 07:04:31
7,279,et ultrices posuere cubilia,138,2022-12-20 14:21:33
6,470,metus vitae ipsum aliquam,139,2022-09-05 06:02:55
5,291,pede lobortis ligula sit amet,140,2023-02-24 14:47:45
7,284,integer ac leo pellentesque,141,2022-09-30 11:44:12
3,67,proin at turpis a pede,142,2022-07-18 17:31:08
1,29,semper interdum mauris ullamcorper purus,143,2023-03-31 13:31:28
4,464,dapibus,144,2023-04-13 20:07:02
5,301,maecenas,145,2023-03-25 01:19:18
9,191,porttitor lorem id ligula suspendisse,146,2022-07-22 07:26:23
6,21,mus,147,2023-03-08 14:49:21
2,335,vulputate,148,2023-02-02 22:06:40
10,121,cum sociis natoque,149,2022-08-12 16:56:37
8,333,dui proin,150,2022-11-21 19:22:30
10,222,proin eu mi,151,2022-05-08 19:57:54
6,65,lectus aliquam,152,2022-07-27 01:34:30
5,225,dis parturient montes,153,2022-10-02 22:52:14
8,39,proin eu mi nulla ac,154,2022-08-21 09:38:51
1,316,erat tortor,155,2022-08-02 02:16:09
3,373,fermentum donec ut mauris,156,2022-12-19 06:15:18
4,355,convallis tortor risus,157,2023-02-21 19:41:02
2,26,dignissim vestibulum vestibulum ante,158,2023-02-07 16:30:25
9,242,ipsum primis in faucibus,159,2023-01-04 04:55:39
7,311,sed ante,160,2023-03-23 21:30:20
4,148,metus aenean fermentum donec,161,2022-06-17 22:38:37
8,294,nam,162,2022-12-02 21:38:44
10,433,molestie,163,2023-04-13 07:49:09
7,284,lectus in est risus auctor,164,2022-06-02 17:43:39
1,134,malesuada in imperdiet et,165,2023-02-12 23:27:53
3,201,nisl nunc rhoncus dui vel,166,2022-07-30 15:59:38
5,409,auctor gravida sem,167,2022-08-26 18:41:19
6,412,elit proin risus praesent lectus,168,2022-06-18 03:42:58
9,273,habitasse platea dictumst etiam faucibus,169,2022-06-15 01:53:37
2,341,non mattis,170,2023-03-18 01:46:43
6,397,ultrices vel augue,171,2023-02-02 03:04:31
8,319,ut erat curabitur gravida,172,2022-05-20 05:23:40
10,46,luctus et,173,2023-01-19 13:05:09
5,247,posuere cubilia curae duis faucibus,174,2022-06-29 05:12:56
7,441,eget congue eget,175,2022-05-12 15:06:23
1,321,vitae nisi nam ultrices,176,2022-05-24 21:57:44
3,91,mattis odio donec,177,2022-12-17 18:59:28
9,168,integer aliquet massa id,178,2022-05-10 21:38:01
2,93,duis,179,2022-11-08 09:37:54
4,67,duis ac nibh fusce lacus,180,2023-03-01 13:44:40
10,251,aliquam lacus morbi quis tortor,181,2022-08-24 02:54:43
7,127,vestibulum,182,2022-05-29 20:01:35
3,157,orci,183,2023-02-08 13:35:11
8,390,at,184,2022-08-09 15:42:55
1,109,vehicula consequat morbi a,185,2022-05-31 16:54:15
6,209,ac nibh fusce,186,2022-09-08 16:17:19
5,43,sed lacus morbi sem mauris,187,2023-01-11 22:54:52
2,422,diam cras pellentesque,188,2022-09-25 07:50:57
4,482,elementum nullam varius nulla,189,2023-01-20 23:40:14
9,143,bibendum,190,2023-01-12 18:21:44
6,253,donec,191,2022-12-15 06:22:16
2,84,nibh ligula nec sem,192,2022-08-22 15:43:39
4,55,eu sapien,193,2022-12-09 02:07:36
1,468,venenatis tristique,194,2022-12-20 22:18:54
10,283,nullam,195,2022-11-22 08:46:33
3,459,primis in faucibus orci luctus,196,2022-07-11 00:22:39
8,292,etiam faucibus cursus,197,2023-03-25 03:01:27
5,319,eget orci vehicula,198,2022-08-12 13:27:11
9,113,neque aenean auctor gravida sem,199,2022-07-30 04:14:46
7,47,id turpis integer,200,2022-12-03 12:06:04
3,177,ultrices posuere cubilia,201,2022-07-28 11:14:06
9,95,libero nullam sit,202,2022-07-13 09:00:52
6,324,eget,203,2022-10-10 02:29:17
5,398,congue elementum in hac,204,2022-07-28 19:35:45
7,252,turpis adipiscing lorem,205,2023-03-22 19:13:18
10,30,curae nulla dapibus dolor,206,2023-01-04 03:25:42
8,307,sed,207,2023-01-31 07:12:04
4,350,pede ullamcorper augue a suscipit,208,2022-09-08 02:14:42
2,487,in consequat ut,209,2022-05-06 22:29:01
1,73,vestibulum,210,2022-08-23 22:59:31
10,135,augue vestibulum rutrum rutrum,211,2022-06-27 14:08:23
7,228,tempus vel pede morbi porttitor,212,2022-09-21 13:38:59
5,428,ante,213,2023-01-22 11:07:53
1,485,etiam,214,2022-06-22 22:04:19
4,221,vestibulum quam sapien varius,215,2022-06-24 23:47:59
6,201,laoreet ut rhoncus aliquet pulvinar,216,2023-01-29 19:20:07
3,327,vel,217,2022-09-12 09:33:18
8,470,justo nec,218,2022-09-26 02:33:19
2,438,volutpat dui maecenas,219,2022-12-11 15:04:09
9,338,at velit eu,220,2023-03-02 11:20:45
3,409,nullam sit,221,2022-05-22 01:25:39
7,351,non velit,222,2022-05-17 07:22:44
6,290,tortor id,223,2023-01-12 22:06:21
2,114,odio,224,2022-12-28 19:32:59
9,185,elit,225,2022-09-06 04:45:22
10,83,feugiat non pretium,226,2022-06-12 03:22:41
8,153,interdum,227,2023-03-25 20:52:42
4,67,enim,228,2022-12-03 06:04:09
5,418,sagittis sapien cum sociis,229,2022-06-26 01:10:56
1,86,massa quis,230,2022-12-01 07:40:15
8,73,at diam nam tristique tortor,231,2022-06-07 22:26:18
6,213,mi in,232,2022-07-20 07:54:23
2,80,nam,233,2022-08-11 12:42:05
5,106,pulvinar lobortis est,234,2022-08-03 01:34:50
1,75,ultrices,235,2022-05-31 05:24:03
3,376,magnis,236,2022-08-26 03:16:31
7,322,scelerisque mauris sit amet eros,237,2023-02-03 08:07:43
10,410,lectus suspendisse potenti in eleifend,238,2023-03-21 11:15:15
4,397,ut rhoncus aliquet pulvinar,239,2022-05-13 19:08:57
9,275,vivamus vestibulum sagittis sapien,240,2023-03-09 15:13:20
8,125,ut,241,2022-04-22 11:08:57
6,433,sapien varius ut blandit,242,2022-06-22 14:44:56
4,340,ut,243,2022-11-03 10:32:47
1,125,eu sapien,244,2023-01-19 18:36:17
3,26,cursus urna ut tellus nulla,245,2022-04-27 21:54:16
9,499,sed lacus morbi sem mauris,246,2023-02-12 07:45:34
5,144,molestie hendrerit,247,2022-11-10 22:58:02
10,274,suscipit a feugiat et,248,2022-05-18 10:43:00
2,238,luctus cum sociis natoque,249,2022-05-31 04:22:46
7,472,tristique in tempus,250,2022-06-19 05:59:04
1,302,nisl,251,2023-02-24 15:57:52
8,363,nunc proin at turpis,252,2023-03-19 12:56:11
7,187,vestibulum ante ipsum primis in,253,2022-08-04 16:42:50
5,379,primis,254,2022-11-23 18:35:00
4,133,mattis odio donec vitae,255,2022-06-07 22:40:05
10,133,ut,256,2022-05-23 08:54:05
6,179,aliquam sit amet,257,2023-04-08 01:55:39
3,269,massa,258,2023-01-06 21:36:34
2,100,quisque arcu,259,2022-10-11 00:18:44
9,459,platea dictumst morbi vestibulum,260,2022-05-04 11:54:12
8,25,nunc proin at turpis,261,2022-10-25 17:54:24
6,373,pharetra magna ac consequat,262,2022-05-15 05:19:23
7,42,aenean,263,2022-08-06 06:48:03
9,317,vulputate elementum nullam varius,264,2022-04-22 01:02:46
5,185,et commodo vulputate justo,265,2022-07-25 17:05:21
3,61,pede justo lacinia eget tincidunt,266,2022-12-29 00:34:16
2,206,varius ut,267,2022-08-09 21:22:20
1,285,odio donec,268,2022-11-23 22:30:49
10,406,sit amet eleifend,269,2023-01-06 22:12:55
4,257,in imperdiet et commodo vulputate,270,2022-04-21 01:17:09
2,279,donec odio,271,2023-02-27 18:32:26
3,71,proin,272,2022-10-24 03:11:08
10,127,ultrices mattis odio,273,2023-02-05 16:05:41
1,378,proin risus,274,2022-06-28 23:55:30
7,26,est,275,2023-01-04 22:31:23
9,187,turpis a pede posuere nonummy,276,2022-09-02 00:36:19
8,106,dui,277,2022-06-10 10:44:28
6,388,habitasse platea dictumst aliquam augue,278,2022-05-23 03:04:22
4,222,curabitur,279,2022-04-18 15:45:33
5,238,id sapien in sapien iaculis,280,2022-05-16 03:30:46
6,47,est risus,281,2023-03-17 13:59:39
7,211,vulputate ut ultrices vel augue,282,2023-03-07 04:43:06
4,252,quis lectus,283,2023-02-21 06:01:37
5,448,auctor sed,284,2022-06-22 12:44:53
1,126,eget,285,2022-04-25 05:42:30
3,251,non,286,2022-05-18 15:04:22
2,429,tempus semper est,287,2023-03-30 03:44:30
8,349,justo lacinia eget,288,2022-10-24 22:52:21
9,391,accumsan odio curabitur convallis,289,2022-12-28 19:10:39
10,430,posuere cubilia,290,2022-12-18 20:26:57
9,242,phasellus sit amet erat,291,2022-11-03 16:45:39
1,297,justo in blandit,292,2022-06-11 17:10:19
6,436,etiam,293,2023-02-08 07:13:32
7,224,ipsum aliquam non mauris morbi,294,2023-02-01 06:51:54
8,305,vestibulum rutrum rutrum neque,295,2022-05-31 07:22:03
10,145,hac habitasse platea dictumst aliquam,296,2022-10-04 17:11:50
4,342,amet,297,2022-09-01 19:11:19
2,119,quisque erat eros viverra eget,298,2023-01-11 18:58:54
3,118,augue quam,299,2022-10-10 14:14:44
5,449,nisi,300,2022-07-11 00:46:08
9,423,ut dolor,301,2022-08-13 06:25:42
6,432,pede ac,302,2022-04-20 14:42:35
4,76,etiam justo etiam pretium iaculis,303,2022-12-26 20:59:31
10,40,faucibus orci,304,2022-08-23 02:03:31
1,215,nunc commodo placerat praesent,305,2022-11-25 01:20:40
5,227,montes nascetur ridiculus mus,306,2023-04-09 06:34:23
3,56,vestibulum sit amet cursus id,307,2022-09-20 00:13:39
2,418,in quam,308,2022-11-14 13:35:33
8,46,mauris viverra diam vitae,309,2022-07-31 19:45:30
7,213,quam pede lobortis ligula sit,310,2023-01-28 06:10:47
4,174,justo,311,2022-11-23 06:19:21
7,35,nulla tellus in sagittis dui,312,2023-03-30 03:30:16
2,123,odio,313,2023-04-03 09:52:44
10,453,tellus nisi eu orci,314,2022-10-14 01:29:18
3,24,sem fusce consequat,315,2022-07-10 20:15:41
8,70,convallis,316,2023-01-11 05:00:48
6,112,fusce congue diam,317,2022-05-12 02:45:17
5,166,non velit nec,318,2022-08-08 04:07:55
9,123,pellentesque viverra,319,2022-10-05 15:23:57
1,62,id ornare imperdiet sapien urna,320,2022-09-14 23:56:51
7,283,lectus aliquam sit amet,321,2022-11-27 11:33:25
5,488,at turpis a pede,322,2022-10-14 01:01:43
8,392,eleifend quam a,323,2023-02-11 16:38:20
6,305,vulputate,324,2023-01-17 17:03:43
9,272,sit amet eros suspendisse,325,2022-12-25 16:24:56
10,70,justo in hac habitasse,326,2022-10-11 05:02:00
4,265,condimentum neque sapien placerat ante,327,2022-11-15 20:16:38
3,426,rutrum,328,2022-09-23 12:03:42
2,350,vestibulum ac,329,2023-02-24 06:24:39
1,466,augue vel,330,2022-08-14 07:18:55
1,416,pretium,331,2022-06-02 02:06:03
6,253,tincidunt eget,332,2022-05-31 07:18:54
4,139,lobortis est,333,2022-05-22 15:29:03
2,83,in,334,2022-10-17 15:13:14
5,207,potenti nullam porttitor lacus at,335,2022-09-26 09:30:13
7,116,sapien sapien,336,2022-10-09 06:48:57
3,485,augue quam sollicitudin,337,2022-12-03 07:44:44
8,497,nonummy maecenas tincidunt,338,2022-10-16 19:05:40
9,323,nisl duis ac nibh,339,2022-11-20 23:07:35
10,105,nec,340,2022-05-16 11:39:20
8,251,ipsum,341,2023-03-31 11:09:39
6,302,primis in faucibus orci,342,2022-08-20 12:31:53
7,36,vel augue vestibulum ante ipsum,343,2022-11-29 22:00:24
9,173,primis in faucibus orci,344,2022-12-01 18:39:00
3,490,nullam molestie nibh in lectus,345,2023-04-03 23:26:47
4,59,varius integer ac leo,346,2022-12-03 10:54:59
2,52,cras mi pede malesuada,347,2022-10-14 18:06:05
5,437,ut odio,348,2023-01-31 03:13:34
10,96,amet sapien,349,2022-06-30 21:05:18
1,71,in eleifend quam a,350,2022-08-16 06:35:09
6,192,sapien varius ut blandit,351,2022-07-19 20:08:31
8,115,adipiscing elit proin interdum mauris,352,2022-12-28 15:18:19
3,312,in consequat,353,2022-05-14 16:30:21
1,43,ac nulla,354,2022-06-18 18:09:42
2,356,mauris sit amet,355,2022-06-30 14:32:16
5,185,curabitur convallis,356,2022-10-22 23:19:04
10,194,vel accumsan,357,2023-01-01 23:53:36
4,46,id ligula suspendisse ornare,358,2022-11-28 15:10:07
7,369,quisque,359,2022-08-04 16:23:33
9,68,volutpat,360,2022-12-04 14:59:56
6,363,ut nulla sed,361,2023-02-04 18:29:39
1,203,sapien in sapien iaculis,362,2022-08-15 14:44:08
9,424,leo,363,2022-06-05 14:13:27
4,47,vestibulum sagittis sapien,364,2022-08-06 07:52:11
2,139,ante vivamus,365,2022-09-22 07:39:57
7,387,id nisl venenatis,366,2022-10-25 09:16:51
3,47,quam sollicitudin vitae consectetuer,367,2023-03-06 08:48:38
5,288,sed vestibulum sit amet cursus,368,2022-12-25 23:07:43
8,264,purus sit,369,2022-10-11 19:48:20
10,218,sed tristique in,370,2022-06-17 03:51:32
8,137,ac nulla sed,371,2022-07-14 14:39:28
10,136,est phasellus,372,2022-04-27 02:57:22
4,131,massa volutpat convallis,373,2022-12-10 04:00:16
1,470,nisl duis bibendum,374,2022-09-01 07:09:54
6,272,eget tincidunt eget tempus,375,2022-06-01 15:55:12
7,227,eget semper rutrum nulla,376,2022-12-01 10:07:26
3,232,consequat dui,377,2022-12-19 10:35:25
9,367,at dolor quis odio consequat,378,2022-06-26 09:45:52
2,452,venenatis,379,2022-05-28 13:23:35
5,84,tellus semper interdum mauris ullamcorper,380,2022-05-15 05:33:31
2,117,mattis egestas metus aenean fermentum,381,2022-11-16 23:46:17
10,313,in,382,2022-12-30 06:56:51
4,421,nulla nisl,383,2023-03-19 03:02:24
3,407,rutrum nulla nunc purus,384,2022-05-09 06:17:08
6,434,quis,385,2023-03-19 14:04:57
1,242,ac neque duis bibendum,386,2023-02-22 03:03:41
8,183,sagittis dui vel nisl duis,387,2022-10-21 13:28:43
7,409,sit amet sapien dignissim vestibulum,388,2022-06-12 04:12:34
9,122,tincidunt ante,389,2022-12-31 03:23:44
5,140,velit eu est,390,2023-03-30 11:41:59
8,416,venenatis tristique fusce congue diam,391,2022-06-05 00:48:32
4,239,sit amet sem fusce,392,2022-08-21 11:16:03
6,459,nulla,393,2022-07-01 09:45:35
5,40,et magnis dis,394,2023-03-15 21:06:35
2,58,amet,395,2023-04-13 23:36:43
3,335,natoque penatibus et magnis,396,2023-01-09 12:08:55
7,441,nulla,397,2022-12-05 04:51:38
10,170,morbi porttitor lorem id ligula,398,2023-02-14 01:41:43
9,114,cum sociis natoque,399,2023-01-25 10:13:18
1,216,orci,400,2022-08-28 10:37:14
9,78,sed vel enim sit amet,401,2023-01-12 17:20:07
6,330,adipiscing elit,402,2023-03-23 04:47:10
3,461,ac nibh fusce,403,2022-09-26 21:45:27
8,42,ut mauris,404,2022-11-23 15:12:42
1,426,et commodo,405,2023-03-12 04:49:51
5,48,felis donec semper,406,2022-04-23 23:43:02
2,368,ipsum dolor sit amet,407,2023-01-05 21:28:09
10,122,nam dui proin leo,408,2022-06-04 13:50:29
4,38,interdum venenatis turpis,409,2023-03-22 05:44:47
7,297,justo morbi ut odio cras,410,2022-05-03 06:54:02
8,353,posuere cubilia curae,411,2022-05-05 09:53:25
6,339,duis,412,2023-03-03 00:03:52
1,452,amet,413,2022-08-22 23:11:52
4,411,vel dapibus,414,2022-06-09 18:33:54
3,451,id,415,2022-07-09 03:35:04
2,406,justo,416,2022-12-13 20:17:41
7,427,purus eu magna vulputate,417,2022-08-18 05:11:43
10,159,non quam nec dui,418,2022-08-12 02:42:12
5,462,sed tincidunt eu felis,419,2022-04-29 14:30:01
9,151,metus vitae ipsum aliquam non,420,2023-01-22 01:58:10
2,323,id mauris,421,2023-03-25 07:14:01
10,387,ultrices enim lorem ipsum dolor,422,2022-07-22 01:16:01
3,337,sit amet sapien dignissim vestibulum,423,2023-04-04 05:28:35
6,414,morbi,424,2022-12-08 04:59:16
1,205,sed justo pellentesque,425,2022-08-03 18:10:28
9,109,rutrum,426,2022-05-27 21:24:46
5,75,donec ut,427,2023-02-12 16:38:11
7,72,sit amet,428,2022-04-30 09:28:57
8,311,turpis integer aliquet massa,429,2022-08-29 20:48:00
4,91,vestibulum ante,430,2022-08-20 07:25:00
9,228,cubilia,431,2022-05-10 18:59:57
1,279,et ultrices posuere cubilia,432,2022-06-23 15:24:08
8,400,integer aliquet,433,2022-10-14 19:34:34
7,496,tristique,434,2022-10-08 14:14:01
6,157,semper est quam pharetra,435,2023-01-03 14:43:04
10,274,vivamus metus,436,2022-11-11 08:52:25
3,399,sit amet,437,2022-06-02 03:44:59
2,396,ut tellus nulla ut erat,438,2023-03-11 21:56:45
5,398,commodo placerat,439,2022-09-29 17:47:59
4,374,praesent blandit lacinia,440,2022-12-09 09:45:44
4,213,duis aliquam convallis nunc proin,441,2022-06-04 16:16:05
2,290,tortor duis mattis egestas,442,2022-05-20 12:33:59
1,354,erat vestibulum sed magna at,443,2022-10-23 05:46:57
7,131,semper interdum mauris,444,2023-04-07 15:55:38
9,217,faucibus orci,445,2022-05-13 10:18:17
6,169,maecenas ut massa quis,446,2023-03-15 06:37:57
10,113,vivamus metus arcu,447,2022-05-04 05:06:05
5,24,habitasse platea dictumst,448,2022-10-28 13:01:01
3,102,sed nisl nunc rhoncus,449,2022-11-25 12:17:45
8,88,dui,450,2022-11-16 17:56:16
8,248,massa volutpat,451,2023-01-16 18:04:20
3,273,quisque arcu libero rutrum ac,452,2023-02-28 04:03:38
10,297,luctus cum sociis,453,2022-07-06 21:23:50
6,308,orci,454,2023-01-10 21:54:32
4,272,mollis molestie lorem quisque,455,2023-03-30 21:46:33
7,147,quam sollicitudin,456,2022-12-18 01:57:12
5,434,tortor,457,2023-01-30 07:14:56
9,176,donec,458,2023-03-23 13:07:26
2,112,a,459,2022-07-21 13:28:07
1,172,lorem ipsum,460,2022-10-05 09:45:50
10,66,non velit donec diam neque,461,2022-07-23 20:50:14
6,324,fermentum donec ut mauris,462,2022-07-02 17:24:57
7,417,in,463,2023-03-20 21:09:55
4,347,ut,464,2022-08-19 00:05:34
5,127,dignissim vestibulum vestibulum ante ipsum,465,2022-11-10 17:59:24
8,43,in lectus pellentesque,466,2023-03-27 00:09:56
2,421,condimentum id luctus,467,2022-11-19 15:24:43
1,144,etiam faucibus cursus urna,468,2022-06-28 19:50:48
9,225,posuere,469,2023-04-06 05:26:16
3,496,velit,470,2023-03-06 09:10:19
7,235,interdum mauris non ligula,471,2022-10-15 06:25:21
9,161,ridiculus mus etiam,472,2022-05-09 23:20:10
8,420,sed augue aliquam,473,2022-07-08 22:54:47
1,345,turpis eget elit,474,2023-02-09 10:26:25
3,103,donec,475,2022-05-28 12:26:18
4,85,nibh,476,2023-02-15 10:49:23
10,174,nulla nunc,477,2022-08-13 22:24:05
6,164,lacus at,478,2022-11-27 07:45:08
5,297,auctor,479,2023-04-09 21:51:17
2,214,dapibus,480,2022-10-10 19:19:27
6,346,ac leo pellentesque ultrices,481,2022-09-01 01:28:06
9,166,cras pellentesque volutpat,482,2023-03-11 11:25:06
7,436,id,483,2022-09-18 23:51:35
2,311,risus dapibus,484,2022-05-07 09:39:50
8,196,neque vestibulum eget vulputate,485,2022-09-18 11:40:29
5,270,nec nisi vulputate,486,2022-07-02 11:22:37
3,291,dis parturient montes nascetur ridiculus,487,2022-04-28 16:31:42
10,132,metus aenean fermentum,488,2022-08-23 18:07:00
4,344,nulla dapibus dolor,489,2023-02-21 03:03:00
1,475,eget eros elementum pellentesque quisque,490,2023-01-05 21:35:08
3,461,amet eleifend,491,2023-02-07 06:06:35
8,432,vestibulum eget vulputate ut,492,2022-10-04 08:41:43
7,226,sit amet cursus,493,2023-04-10 23:46:53
2,402,fermentum justo nec condimentum neque,494,2023-04-12 05:55:47
5,300,id nulla ultrices,495,2022-08-18 20:49:36
1,191,erat volutpat in congue,496,2022-10-18 15:58:20
10,459,eleifend,497,2022-06-05 22:30:34
4,97,nam ultrices,498,2022-07-29 04:01:25
6,495,in,499,2022-09-29 13:22:20
9,45,ipsum dolor,500,2022-07-28 00:18:08
